timestamp,flow_rate,pressure,leak
2025-04-18 21:17:39.101492,77.48652426204,64.48919435982998,1
2025-04-18 21:18:39.101491,85.05270617094246,64.1108871503094,0
2025-04-18 21:19:39.101490,86.8292074310973,52.82196744665521,0
2025-04-18 21:20:39.101489,94.9918238680017,55.43555888711045,0
2025-04-18 21:21:39.101487,57.69930518026733,67.91984361220011,0
2025-04-18 21:22:39.101486,69.88942395225774,55.44070856157398,0
2025-04-18 21:23:39.101485,83.45222014055592,62.12462945994821,0
2025-04-18 21:24:39.101484,106.65016340524839,60.79680095039824,0
2025-04-18 21:25:39.101483,89.89813899437007,64.43400790636846,0
2025-04-18 21:26:39.101482,56.07033347726265,54.71930654875036,0
2025-04-18 21:27:39.101480,86.63316339587503,47.00392987647674,0
2025-04-18 21:28:39.101479,76.39887924525266,59.87203836986297,0
2025-04-18 21:29:39.101478,74.6847275405641,67.13404949832135,0
2025-04-18 21:30:39.101477,75.72384580570844,59.996266984156506,0
2025-04-18 21:31:39.101476,70.00125254402353,59.0471329031711,0
2025-04-18 21:32:39.101475,66.84004695339256,52.480210746019026,0
2025-04-18 21:33:39.101473,78.12773275714054,64.57787365975629,0
2025-04-18 21:34:39.101472,69.32071928750634,55.3088880271619,0
2025-04-18 21:35:39.101471,73.67544303083297,53.5822662060471,0
2025-04-18 21:36:39.101470,75.47410839918409,56.966752971149276,0
2025-04-18 21:37:39.101469,76.91734491926644,61.37293051386915,0
2025-04-18 21:38:39.101468,88.32059986800016,54.847222604487605,0
2025-04-18 21:39:39.101466,58.63004381163492,49.31821852862072,1
2025-04-18 21:40:39.101465,91.42911643153975,60.22025478009643,0
2025-04-18 21:41:39.101464,70.07043826316412,62.76385772095838,0
2025-04-18 21:42:39.101463,87.425308643217,54.629200623165005,0
2025-04-18 21:43:39.101462,70.93760806982438,63.588339005872406,0
2025-04-18 21:44:39.101461,71.30785764968093,59.92566396781974,0
2025-04-18 21:45:39.101459,88.38212399083801,52.64082797498589,0
2025-04-18 21:46:39.101452,96.12328244220154,72.10058825415308,0
2025-04-18 21:47:39.101451,82.60716783552333,62.032862245404466,0
2025-04-18 21:48:39.101450,93.54429817434732,58.5319125782936,1
2025-04-18 21:49:39.101449,89.1542607997753,54.062097070599805,0
2025-04-18 21:50:39.101447,71.48324391009741,57.51958149377871,0
2025-04-18 21:51:39.101446,91.02583039278836,59.48291884153538,0
2025-04-18 21:52:39.101442,86.49481131578288,55.45456274818184,0
2025-04-18 21:53:39.101441,68.63875949200845,59.429627987578435,0
2025-04-18 21:54:39.101440,63.710192577652805,58.05162513663179,0
2025-04-18 21:55:39.101439,68.60361475196076,61.780197953553795,1
2025-04-18 21:56:39.101438,65.1998903548523,61.549793926005165,0
2025-04-18 21:57:39.101437,66.38247627858942,62.29623427283078,0
2025-04-18 21:58:39.101435,88.07432242247566,57.84857588388371,0
2025-04-18 21:59:39.101434,79.74577166260286,61.02929477408374,0
2025-04-18 22:00:39.101433,83.18866217469275,53.29327385850668,0
2025-04-18 22:01:39.101432,80.52323130555006,56.12551689898601,0
2025-04-18 22:02:39.101431,70.3673897675094,59.96118593950168,0
2025-04-18 22:03:39.101429,95.25843399949574,61.07056807886379,0
2025-04-18 22:04:39.101428,81.96764774390776,59.78638924141506,0
2025-04-18 22:05:39.101427,87.95100162904731,55.29801092916738,0
2025-04-18 22:06:39.101425,82.53449009642249,55.105993178250216,0
2025-04-18 22:07:39.101424,84.0424982369694,71.27122706340721,0
2025-04-18 22:08:39.101421,97.17512060150233,59.573046999066264,0
2025-04-18 22:09:39.101368,80.64801600705616,64.50177351747527,1
2025-04-18 22:10:39.101367,82.63498947858963,59.736594831022046,0
2025-04-18 22:11:39.101366,68.64706916969467,67.71725038146079,0
2025-04-18 22:12:39.101365,75.77813894555403,59.6897949118608,0
2025-04-18 22:13:39.101364,87.67171704142531,63.20696317427169,0
2025-04-18 22:14:39.101363,71.94105944288174,62.55767484537821,0
2025-04-18 22:15:39.101362,70.37826316569053,58.32897447620434,0
2025-04-18 22:16:39.101361,88.71217261006191,55.60100957531782,0
2025-04-18 22:17:39.101360,84.23260844617809,57.31959706445406,0
2025-04-18 22:18:39.101359,69.004641399853,63.8763620225418,0
2025-04-18 22:19:39.101358,79.79516118470586,62.042244286473,0
2025-04-18 22:20:39.101357,78.03779411723418,63.765218911092305,0
2025-04-18 22:21:39.101356,78.78676988211029,66.07150489368479,0
2025-04-18 22:22:39.101355,69.13438053371011,59.90986199474349,0
2025-04-18 22:23:39.101354,70.40270415759746,61.760971107493496,0
2025-04-18 22:24:39.101354,93.19914272163604,61.19046841992067,0
2025-04-18 22:25:39.101353,79.69612245780516,69.1118057129574,0
2025-04-18 22:26:39.101352,84.0478548541785,53.130959141912,0
2025-04-18 22:27:39.101351,85.66546001668264,72.19572088213926,1
2025-04-18 22:28:39.101350,66.74174903889154,63.87616922737351,1
2025-04-18 22:29:39.101349,106.5584076662364,60.50869639310355,0
2025-04-18 22:30:39.101348,79.99013154980315,67.58726194389436,1
2025-04-18 22:31:39.101347,71.62317113588837,58.232178228309664,0
2025-04-18 22:32:39.101346,73.04813826455997,58.8997732971942,0
2025-04-18 22:33:39.101345,86.92857778528658,57.87116343004819,0
2025-04-18 22:34:39.101344,93.90172957448101,57.812236602053446,0
2025-04-18 22:35:39.101343,75.10745893302472,49.41037376296377,0
2025-04-18 22:36:39.101342,68.51041909309893,49.6804761569844,0
2025-04-18 22:37:39.101341,87.17117009352008,65.30733044046288,0
2025-04-18 22:38:39.101340,77.76326570208458,59.42690887354204,0
2025-04-18 22:39:39.101339,94.71395744892399,65.58798788861127,0
2025-04-18 22:40:39.101338,88.86474208633612,65.26983467482738,0
2025-04-18 22:41:39.101337,54.61159648973133,60.96975883551463,0
2025-04-18 22:42:39.101336,90.08443498808441,57.59101346985293,0
2025-04-18 22:43:39.101335,77.68556717371187,53.00489740028135,0
2025-04-18 22:44:39.101334,89.66794032782774,62.66926317248984,0
2025-04-18 22:45:39.101333,84.85273147180703,66.67455589317416,0
2025-04-18 22:46:39.101332,78.47335122857432,53.811275882803486,0
2025-04-18 22:47:39.101331,80.74546933572326,62.1591776993951,0
2025-04-18 22:48:39.101330,84.020289129704,69.99191024301683,1
2025-04-18 22:49:39.101329,88.05451598349218,68.00894666754421,0
2025-04-18 22:50:39.101328,77.88482382955137,56.52041020195562,0
2025-04-18 22:51:39.101327,82.95779562503557,65.33943902172541,0
2025-04-18 22:52:39.101326,95.24910341336279,58.865978203123476,1
2025-04-18 22:53:39.101325,72.47832045361108,57.50111754573163,0
2025-04-18 22:54:39.101324,76.05069691280133,59.339588389098815,0
2025-04-18 22:55:39.101323,81.93529858679716,67.7427461452942,0
2025-04-18 22:56:39.101322,74.9598979438704,64.7068136029365,0
2025-04-18 22:57:39.101321,78.49134254365143,62.88849849741931,0
2025-04-18 22:58:39.101320,70.7191359450347,63.68177240075434,0
2025-04-18 22:59:39.101319,71.88312263923045,52.5581568780024,0
2025-04-18 23:00:39.101318,69.54648541989516,60.55627067649355,0
2025-04-18 23:01:39.101317,86.57142733147023,66.4181131926031,0
2025-04-18 23:02:39.101316,92.98140417472621,62.678549862490286,0
2025-04-18 23:03:39.101315,87.97472660598142,59.75132847876206,0
2025-04-18 23:04:39.101314,75.43114615196777,62.32274856351524,0
2025-04-18 23:05:39.101313,91.83380345288491,64.82999962693678,0
2025-04-18 23:06:39.101312,62.20499857916358,64.02040703417913,0
2025-04-18 23:07:39.101311,82.59163979363005,54.81169131497174,0
2025-04-18 23:08:39.101310,81.56225312614575,63.051367615222574,0
2025-04-18 23:09:39.101309,60.754744339109976,69.22988284594626,0
2025-04-18 23:10:39.101308,74.8194457991139,53.90688084583689,0
2025-04-18 23:11:39.101307,68.25366284896289,65.21278265575931,0
2025-04-18 23:12:39.101306,83.93171996340259,58.0241420043796,0
2025-04-18 23:13:39.101305,70.86849678946827,64.92547531020526,0
2025-04-18 23:14:39.101304,61.77589709940687,63.19618237443999,0
2025-04-18 23:15:39.101303,61.471408111480876,65.15658625292035,0
2025-04-18 23:16:39.101302,81.43087532045512,52.64373962469495,0
2025-04-18 23:17:39.101301,74.79454176543507,68.13203412560492,0
2025-04-18 23:18:39.101300,70.92230249627693,49.6459410577112,1
2025-04-18 23:19:39.101299,100.73373506492702,52.05059368331632,0
2025-04-18 23:20:39.101298,78.52844735773174,59.578444015372575,0
2025-04-18 23:21:39.101297,76.9775602181644,56.977885748653826,0
2025-04-18 23:22:39.101296,75.93887552160223,58.35541491132486,0
2025-04-18 23:23:39.101295,79.84480968955842,59.87811524034942,0
2025-04-18 23:24:39.101294,62.01891241990417,52.738311497478584,0
2025-04-18 23:25:39.101293,86.17947540063798,59.73184302868427,0
2025-04-18 23:26:39.101292,81.88921792174483,60.36342726965201,0
2025-04-18 23:27:39.101291,65.51223588092722,48.05160192777883,0
2025-04-18 23:28:39.101290,80.51117692594322,55.218303686514055,0
2025-04-18 23:29:39.101289,68.02794925244629,63.285128093385886,0
2025-04-18 23:30:39.101288,74.88317702657811,61.696139796468394,0
2025-04-18 23:31:39.101287,70.63868095425393,59.51254973331062,0
2025-04-18 23:32:39.101286,73.02016426887987,53.40288340277746,0
2025-04-18 23:33:39.101285,78.33106636473512,68.6257043314072,0
2025-04-18 23:34:39.101284,78.84630753562458,56.27870346849765,0
2025-04-18 23:35:39.101283,84.83466186323541,67.48681874642644,0
2025-04-18 23:36:39.101282,96.85071769189523,64.51304962362462,0
2025-04-18 23:37:39.101282,76.18192928519883,61.472963261860855,0
2025-04-18 23:38:39.101281,82.89663152582943,67.89760819765344,0
2025-04-18 23:39:39.101280,75.39193962903549,58.720998580589644,0
2025-04-18 23:40:39.101279,76.72398865588843,59.35018592020485,0
2025-04-18 23:41:39.101278,68.5561032733537,44.45965828994333,0
2025-04-18 23:42:39.101277,83.52394812851365,59.70801881290446,0
2025-04-18 23:43:39.101276,77.2112980071929,57.869642739774996,0
2025-04-18 23:44:39.101275,73.03018722201048,59.17220470107781,0
2025-04-18 23:45:39.101274,84.27431285555187,57.6632957486727,0
2025-04-18 23:46:39.101273,74.76874490949916,63.18687328588254,0
2025-04-18 23:47:39.101272,75.52337850603152,66.25913986939086,0
2025-04-18 23:48:39.101271,73.88753255919347,60.91924087757337,0
2025-04-18 23:49:39.101270,83.14028301672462,62.37134459120424,0
2025-04-18 23:50:39.101269,73.9432434192667,57.74369830735498,0
2025-04-18 23:51:39.101268,78.2377086321091,57.28954410919617,0
2025-04-18 23:52:39.101267,96.89443474496878,53.335716007471405,0
2025-04-18 23:53:39.101266,75.63408079813726,66.42228029490234,1
2025-04-18 23:54:39.101265,94.31552023424264,66.8604212577148,1
2025-04-18 23:55:39.101264,107.79714518987277,65.01327577428766,0
2025-04-18 23:56:39.101263,75.52152723218244,60.490478821959414,0
2025-04-18 23:57:39.101262,65.68273287766506,64.28854795769648,0
2025-04-18 23:58:39.101261,81.16760104671513,65.15482189525179,0
2025-04-18 23:59:39.101260,89.96273121938424,61.5127153592428,0
2025-04-19 00:00:39.101259,79.40292601344784,55.425424777956586,0
2025-04-19 00:01:39.101258,86.103228794199,52.50733046827346,0
2025-04-19 00:02:39.101257,83.32238931666255,62.779272693162554,0
2025-04-19 00:03:39.101256,78.69011736135556,61.42461397258168,0
2025-04-19 00:04:39.101255,78.30049736789213,69.66950635374161,1
2025-04-19 00:05:39.101254,71.38658949210125,62.602730605365146,0
2025-04-19 00:06:39.101253,59.093434339080595,59.520050054960805,0
2025-04-19 00:07:39.101252,89.83433258028704,60.81284518715494,0
2025-04-19 00:08:39.101251,85.02393418112258,54.5832426770948,0
2025-04-19 00:09:39.101250,77.2686802843779,56.73437709675521,0
2025-04-19 00:10:39.101249,106.09078885254235,60.91361208795165,0
2025-04-19 00:11:39.101248,67.8665971618654,55.764258554934194,0
2025-04-19 00:12:39.101247,75.6711086618452,61.32385870286133,0
2025-04-19 00:13:39.101246,64.02898677850823,57.655898429936705,0
2025-04-19 00:14:39.101245,96.62620205062542,54.553628423753935,0
2025-04-19 00:15:39.101244,66.12175972348996,60.10306004222657,0
2025-04-19 00:16:39.101243,80.68130667337084,64.65722229812545,0
2025-04-19 00:17:39.101242,73.45862952490867,60.54841887665251,0
2025-04-19 00:18:39.101241,76.93135779916743,69.98327723245306,0
2025-04-19 00:19:39.101240,80.38510987937546,61.62007972246076,0
2025-04-19 00:20:39.101239,76.66397224406047,58.31086883563984,0
2025-04-19 00:21:39.101238,67.03659544175989,58.04991746939956,0
2025-04-19 00:22:39.101237,70.47694506498988,63.55019041311361,1
2025-04-19 00:23:39.101236,78.1717462653803,57.7571844303056,0
2025-04-19 00:24:39.101235,66.43846092649589,56.374497532502595,0
2025-04-19 00:25:39.101234,74.86144999586205,67.2638160970888,0
2025-04-19 00:26:39.101233,68.70389777364089,55.92598318976111,0
2025-04-19 00:27:39.101232,82.2824996638737,55.42000932170664,0
2025-04-19 00:28:39.101231,84.34959979297253,52.90299369878191,0
2025-04-19 00:29:39.101230,95.24883582145087,56.32340161634992,0
2025-04-19 00:30:39.101229,83.65135220808453,61.49045025393709,0
2025-04-19 00:31:39.101228,81.54430582613779,56.06295963235274,0
2025-04-19 00:32:39.101227,91.82294331225314,60.958312939314595,1
2025-04-19 00:33:39.101226,77.0819584103382,75.2676611738996,0
2025-04-19 00:34:39.101225,90.41285850275074,58.981931217729645,0
2025-04-19 00:35:39.101224,94.17027504873285,48.07762299648555,0
2025-04-19 00:36:39.101223,91.07510752386872,61.06569706787925,0
2025-04-19 00:37:39.101222,68.91414004283922,64.96526714179495,0
2025-04-19 00:38:39.101221,85.00122217343582,64.20462333160562,0
2025-04-19 00:39:39.101220,81.01107877425439,58.44267576409306,0
2025-04-19 00:40:39.101219,90.46517323565624,69.43833882893433,0
2025-04-19 00:41:39.101218,79.47908795083487,61.726166878711624,0
2025-04-19 00:42:39.101217,85.12597279507196,57.87690246448229,0
2025-04-19 00:43:39.101216,90.70131734296943,54.597756641067534,0
2025-04-19 00:44:39.101215,77.72125947923483,52.12880017862328,0
2025-04-19 00:45:39.101214,73.09978239600306,54.96435616577231,0
2025-04-19 00:46:39.101213,89.93066825974756,60.28860831492052,0
2025-04-19 00:47:39.101212,74.47708748481836,46.99595007373407,0
2025-04-19 00:48:39.101211,78.2827674383905,60.72876211913013,0
2025-04-19 00:49:39.101210,80.70510586680602,67.88515188305318,0
2025-04-19 00:50:39.101209,58.39854127968094,55.51420390194726,0
2025-04-19 00:51:39.101208,68.22757887553101,62.963337569641865,0
2025-04-19 00:52:39.101207,81.34383515480495,64.4768413150832,0
2025-04-19 00:53:39.101206,74.27007414463621,61.76752403699972,0
2025-04-19 00:54:39.101205,80.0142274785096,67.72481032790726,0
2025-04-19 00:55:39.101204,75.5446828901147,60.32950302906963,0
2025-04-19 00:56:39.101203,81.15047886329793,59.61118567711445,0
2025-04-19 00:57:39.101202,81.52910610340643,58.11328491070522,0
2025-04-19 00:58:39.101201,85.47371680495611,52.80953138493278,0
2025-04-19 00:59:39.101200,64.0644889018263,62.59724119399457,0
2025-04-19 01:00:39.101199,84.4103549268143,55.4698845245854,0
2025-04-19 01:01:39.101198,80.22396295597072,58.47756555612319,0
2025-04-19 01:02:39.101197,81.47779004479348,64.76189933576165,0
2025-04-19 01:03:39.101196,81.50501503548132,65.57511668100712,0
2025-04-19 01:04:39.101195,57.05358717531027,65.00354915183033,0
2025-04-19 01:05:39.101194,92.13179265901188,54.7145220214925,0
2025-04-19 01:06:39.101193,79.57804481162127,52.34093833372299,0
2025-04-19 01:07:39.101192,75.56338832507936,54.47956192509177,0
2025-04-19 01:08:39.101191,90.18056741212723,60.46915421264286,0
2025-04-19 01:09:39.101190,67.03112537028724,55.57354594990382,0
2025-04-19 01:10:39.101190,86.76099704664627,58.2515498416557,0
2025-04-19 01:11:39.101189,68.46046128419479,61.717725630115034,0
2025-04-19 01:12:39.101188,66.19286398478532,58.468368180083566,0
2025-04-19 01:13:39.101187,80.7501411383649,69.759185844368,1
2025-04-19 01:14:39.101186,107.06629692754373,55.84395133213783,0
2025-04-19 01:15:39.101185,78.05355578432528,54.20376460800471,0
2025-04-19 01:16:39.101184,72.6362676690738,55.799201393710696,0
2025-04-19 01:17:39.101183,91.5618256838634,56.70247167659915,0
2025-04-19 01:18:39.101182,79.32929513681059,54.98609031892835,0
2025-04-19 01:19:39.101181,82.11795324071814,59.90650424830916,0
2025-04-19 01:20:39.101180,85.91666076729055,59.49751464167427,0
2025-04-19 01:21:39.101179,86.39234091062934,56.69266176021604,0
2025-04-19 01:22:39.101178,91.71376960349471,61.578921680343,0
2025-04-19 01:23:39.101177,75.31669162042186,52.71357140511801,1
2025-04-19 01:24:39.101176,85.16142892020186,60.61946261483871,0
2025-04-19 01:25:39.101175,80.55567770138008,63.91728344234296,1
2025-04-19 01:26:39.101174,84.5225761964318,65.31444376405493,0
2025-04-19 01:27:39.101173,82.16244320946993,58.52696281862471,0
2025-04-19 01:28:39.101172,81.36730882744854,51.97670258914573,0
2025-04-19 01:29:39.101171,81.95079136485246,49.106840047879004,0
2025-04-19 01:30:39.101170,80.04239568519692,56.44476255480179,1
2025-04-19 01:31:39.101169,82.01019852047982,62.58326480415088,0
2025-04-19 01:32:39.101168,75.4441737750763,66.96673467681265,0
2025-04-19 01:33:39.101167,93.91204839088003,53.59085971731452,0
2025-04-19 01:34:39.101166,86.67022655017229,60.98772248566227,0
2025-04-19 01:35:39.101165,79.17930437939843,62.9482531118138,0
2025-04-19 01:36:39.101164,91.66165692801162,56.05282640221753,0
2025-04-19 01:37:39.101163,93.10926850314505,58.23136711639178,0
2025-04-19 01:38:39.101162,78.50586945010794,51.84989230289555,0
2025-04-19 01:39:39.101161,90.9391727287276,55.61478362205287,0
2025-04-19 01:40:39.101160,92.01290917892166,50.90830789399913,0
2025-04-19 01:41:39.101159,90.19837179140907,58.56947120635024,0
2025-04-19 01:42:39.101158,71.97861885968429,66.75467839357152,0
2025-04-19 01:43:39.101157,75.29297082097582,62.141376721503136,0
2025-04-19 01:44:39.101156,80.58751766493639,58.026535058908166,0
2025-04-19 01:45:39.101155,84.26048991914374,65.2780338244735,0
2025-04-19 01:46:39.101154,76.63383769014591,56.088807821862865,0
2025-04-19 01:47:39.101153,79.60022452130482,66.95124528724834,0
2025-04-19 01:48:39.101152,66.26179006456442,54.506466698936755,0
2025-04-19 01:49:39.101151,94.60855722262026,64.29315343861502,0
2025-04-19 01:50:39.101150,90.98432323060501,57.499247924763914,0
2025-04-19 01:51:39.101149,81.48145457217588,68.84452758080498,0
2025-04-19 01:52:39.101148,91.68770053017931,67.06990647353453,0
2025-04-19 01:53:39.101147,87.11890393367266,69.12427427311174,0
2025-04-19 01:54:39.101146,81.77053286121821,62.550037039197264,0
2025-04-19 01:55:39.101145,97.04398201065378,64.10150795158802,0
2025-04-19 01:56:39.101144,77.9589411035419,62.19941915907862,0
2025-04-19 01:57:39.101143,69.00492649964458,57.48155977502402,0
2025-04-19 01:58:39.101142,82.55811154024293,63.42135217913347,0
2025-04-19 01:59:39.101141,75.48114948189139,57.57767135664071,0
2025-04-19 02:00:39.101140,82.53956729910331,61.58642500396824,0
2025-04-19 02:01:39.101139,74.892480395583,70.42482560314116,0
2025-04-19 02:02:39.101138,68.0430498742667,68.6127781318848,0
2025-04-19 02:03:39.101137,97.17164345820822,63.139161451376545,0
2025-04-19 02:04:39.101136,88.09717618795572,63.237350064357166,0
2025-04-19 02:05:39.101135,88.18035297726655,62.19244477712342,0
2025-04-19 02:06:39.101134,70.71198199658329,66.38462432803385,0
2025-04-19 02:07:39.101133,76.3437849249416,61.64444043318928,0
2025-04-19 02:08:39.101132,83.09228500655017,51.614702915953444,0
2025-04-19 02:09:39.101131,67.04464263803597,69.35742506040609,0
2025-04-19 02:10:39.101130,83.92693649958369,62.46294085473942,0
2025-04-19 02:11:39.101129,76.21204310090684,60.736279484676096,0
2025-04-19 02:12:39.101128,96.40439729094273,69.03248396510023,0
2025-04-19 02:13:39.101127,59.23823814575009,62.87279819864323,0
2025-04-19 02:14:39.101126,85.22398017246925,59.75199142075689,0
2025-04-19 02:15:39.101125,63.84035622287021,57.70716128745677,0
2025-04-19 02:16:39.101124,82.47276547244267,58.75637785531504,0
2025-04-19 02:17:39.101123,89.95820179088864,58.84605178757492,0
2025-04-19 02:18:39.101122,80.10988598574265,59.26911471452117,1
2025-04-19 02:19:39.101121,104.15763280948428,55.89986800979587,0
2025-04-19 02:20:39.101120,61.87837165968616,58.46637341251001,0
2025-04-19 02:21:39.101119,85.66687296232472,55.963029729664775,0
2025-04-19 02:22:39.101118,71.77651849858039,56.564723741357966,0
2025-04-19 02:23:39.101117,72.51250791821774,62.00374247489521,0
2025-04-19 02:24:39.101117,65.69467786626176,60.06100634643583,0
2025-04-19 02:25:39.101116,85.02177905333045,59.009667732947406,1
2025-04-19 02:26:39.101115,86.62168417409879,58.87924826214008,0
2025-04-19 02:27:39.101114,81.93251267499772,53.3128627469327,0
2025-04-19 02:28:39.101113,61.99142249617419,57.95934369351683,0
2025-04-19 02:29:39.101112,69.09307091663182,53.148551655688365,0
2025-04-19 02:30:39.101111,102.10193304070648,60.11785825075011,0
2025-04-19 02:31:39.101110,64.29650089277982,68.53375215379732,0
2025-04-19 02:32:39.101109,84.72392394147565,56.070256958717984,0
2025-04-19 02:33:39.101108,95.85064720169692,60.07936825313326,0
2025-04-19 02:34:39.101107,86.44985336134846,42.012736142646624,0
2025-04-19 02:35:39.101106,82.45180677066773,64.79330806384287,0
2025-04-19 02:36:39.101105,82.60149770131567,57.58230703958657,0
2025-04-19 02:37:39.101104,82.17404003942865,63.39721902577312,0
2025-04-19 02:38:39.101103,77.82299349405204,58.20985725143724,0
2025-04-19 02:39:39.101102,66.76602995640656,61.340044960565976,0
2025-04-19 02:40:39.101101,86.12157281651999,62.60798787227778,0
2025-04-19 02:41:39.101100,59.73531607996996,65.86950260823998,0
2025-04-19 02:42:39.101099,82.5821319771762,61.76734411049865,0
2025-04-19 02:43:39.101098,86.96237903144774,67.71874908402582,0
2025-04-19 02:44:39.101097,79.41486021323759,65.275370359486,0
2025-04-19 02:45:39.101096,67.5060810493709,57.25357619569953,0
2025-04-19 02:46:39.101095,86.691825872689,60.89509869263328,0
2025-04-19 02:47:39.101094,73.33705302909347,56.423974068490665,0
2025-04-19 02:48:39.101093,81.6289895896397,55.802642053595335,0
2025-04-19 02:49:39.101092,82.05102807834403,52.60374760236455,0
2025-04-19 02:50:39.101091,88.68372387962964,55.92056282440056,0
2025-04-19 02:51:39.101090,92.0029100757183,61.53931651427622,0
2025-04-19 02:52:39.101089,81.31692124451166,55.873436686645704,0
2025-04-19 02:53:39.101088,75.44133963659411,59.58688593398674,0
2025-04-19 02:54:39.101087,84.31877196056267,53.600037973799054,0
2025-04-19 02:55:39.101086,81.53558972492938,67.77388486621291,1
2025-04-19 02:56:39.101085,79.01138530895449,54.97149418599802,0
2025-04-19 02:57:39.101084,91.97615022792186,53.98821585794864,0
2025-04-19 02:58:39.101083,85.6892759123894,53.99339636392032,0
2025-04-19 02:59:39.101082,85.94412811660257,78.60150451359108,0
2025-04-19 03:00:39.101081,91.3608235629101,64.50628735552965,0
2025-04-19 03:01:39.101080,80.11223617349552,58.87595829047129,0
2025-04-19 03:02:39.101079,78.35178943454792,56.579293853919154,0
2025-04-19 03:03:39.101078,78.12211929002193,63.51922216612593,0
2025-04-19 03:04:39.101077,72.9879177005704,61.73282681658159,0
2025-04-19 03:05:39.101076,92.82048224695005,54.041603749659544,0
2025-04-19 03:06:39.101075,86.6757444375841,68.65790102365808,0
2025-04-19 03:07:39.101074,92.32495401478212,56.16783437991821,1
2025-04-19 03:08:39.101073,80.89552864417414,54.97896813614083,0
2025-04-19 03:09:39.101072,69.11432490678389,64.88257284179255,0
2025-04-19 03:10:39.101071,73.38042541192237,55.71462023389974,0
2025-04-19 03:11:39.101070,78.03550825337014,55.44348747263415,0
2025-04-19 03:12:39.101069,87.90887459057507,59.57535680144289,0
2025-04-19 03:13:39.101068,99.139043296377,58.37457403695271,0
2025-04-19 03:14:39.101067,74.69609019681987,52.33096534242353,0
2025-04-19 03:15:39.101066,71.2207739048582,53.8776896143448,0
2025-04-19 03:16:39.101065,69.23904570494757,52.183541806787865,0
2025-04-19 03:17:39.101064,87.63507362721523,55.218673682982576,0
2025-04-19 03:18:39.101063,83.92372154769511,63.417782816588385,0
2025-04-19 03:19:39.101062,68.93858749656833,63.96238604297454,0
2025-04-19 03:20:39.101061,79.40499145675618,63.48212108656758,0
2025-04-19 03:21:39.101060,81.18253084937214,56.35586807576096,0
2025-04-19 03:22:39.101057,68.2606976954926,57.593496434223255,0
2025-04-19 03:23:39.101056,94.92574697522052,59.309704261057156,0
2025-04-19 03:24:39.101055,59.89927237983646,58.023394733494,0
2025-04-19 03:25:39.101054,85.58028872420748,60.35684330376778,0
2025-04-19 03:26:39.101053,101.66802512323709,48.88092727930993,0
2025-04-19 03:27:39.101052,68.04477190105297,67.75150849577119,0
2025-04-19 03:28:39.101051,74.25274221081328,55.66130526337247,0
2025-04-19 03:29:39.101050,80.39179515273527,56.34003125363793,1
2025-04-19 03:30:39.101049,87.09238785263801,64.10431248799937,0
2025-04-19 03:31:39.101048,75.34369385154574,61.03604715489271,0
2025-04-19 03:32:39.101047,73.05507194427406,60.02293275668576,0
2025-04-19 03:33:39.101046,74.50507670325626,61.72414639266079,0
2025-04-19 03:34:39.101045,89.01178480119735,57.8078371200296,0
2025-04-19 03:35:39.101044,95.02797578854396,54.87196157498618,0
2025-04-19 03:36:39.101043,95.37173239278383,61.58491364052731,0
2025-04-19 03:37:39.101042,92.41739159294168,59.297513753001866,0
2025-04-19 03:38:39.101042,86.83766191371366,65.15707940907488,0
2025-04-19 03:39:39.101041,71.48639875694734,68.71347578118674,0
2025-04-19 03:40:39.101040,79.46663881887108,60.04676853512131,0
2025-04-19 03:41:39.101039,65.32292332115382,55.36788600395092,0
2025-04-19 03:42:39.101038,87.85088987803974,63.67763044155566,0
2025-04-19 03:43:39.101037,85.87573133302487,60.15129540192494,0
2025-04-19 03:44:39.101036,73.20104292559478,65.28688361804686,0
2025-04-19 03:45:39.101035,68.76382946306332,58.8121636820361,0
2025-04-19 03:46:39.101034,89.2096072848918,59.15333039354525,0
2025-04-19 03:47:39.101033,75.06594707482003,61.05237375377256,0
2025-04-19 03:48:39.101032,98.0788987366897,70.50595766743207,1
2025-04-19 03:49:39.101031,76.68641536508206,76.50343843413337,0
2025-04-19 03:50:39.101030,70.27956274900708,64.70190108754721,0
2025-04-19 03:51:39.101029,71.63635571511354,62.020174406207566,0
2025-04-19 03:52:39.101028,97.51972033482245,53.531505551166966,0
2025-04-19 03:53:39.101027,83.29921101104182,54.84421545912064,0
2025-04-19 03:54:39.101026,77.64772037898722,59.85198266813613,0
2025-04-19 03:55:39.101025,62.307636648794805,58.47579239681711,0
2025-04-19 03:56:39.101024,78.19259521826153,58.56199558709803,0
2025-04-19 03:57:39.101023,72.49397520169677,57.91440275000917,0
2025-04-19 03:58:39.101022,92.84574446268591,56.267724830662615,0
2025-04-19 03:59:39.101021,86.22465358559546,63.88111044454077,0
2025-04-19 04:00:39.101020,65.18277445535978,61.423417303459196,0
2025-04-19 04:01:39.101019,76.09271730250684,61.691082969121865,0
2025-04-19 04:02:39.101018,74.71577304171356,58.40253265304422,0
2025-04-19 04:03:39.101017,93.37891110058516,71.51779144674481,0
2025-04-19 04:04:39.101016,78.6048504551002,60.984794979725805,0
2025-04-19 04:05:39.101015,75.77323889957137,69.62977239800135,0
2025-04-19 04:06:39.101014,69.01728209675711,61.18924734821646,0
2025-04-19 04:07:39.101013,88.28037041126952,53.30104194391321,0
2025-04-19 04:08:39.101012,88.75919487751081,54.551071316293694,0
2025-04-19 04:09:39.101011,71.88553482972169,64.377321274232,0
2025-04-19 04:10:39.101010,68.74305682992019,58.860509237177475,0
2025-04-19 04:11:39.101009,71.91507708208121,65.28660254371553,0
2025-04-19 04:12:39.101008,81.11865109924507,59.056335748729964,0
2025-04-19 04:13:39.101007,93.10919642019117,68.39994612766424,0
2025-04-19 04:14:39.101006,83.34948067922306,60.29143636440105,0
2025-04-19 04:15:39.101005,70.64548173026206,59.30088544420912,0
2025-04-19 04:16:39.101004,69.29698107465191,59.56575521526471,0
2025-04-19 04:17:39.101003,76.37584195316893,57.616241899038506,0
2025-04-19 04:18:39.101002,85.9567599496954,63.657937991016105,0
2025-04-19 04:19:39.101001,67.95834122133537,63.00276307027413,0
2025-04-19 04:20:39.101000,84.67831022054986,61.0452557056949,0
2025-04-19 04:21:39.100999,75.92043790965623,56.17068106071924,0
2025-04-19 04:22:39.100998,82.4912368574517,62.532788577568724,0
2025-04-19 04:23:39.100997,93.0999590543054,61.52479450524323,0
2025-04-19 04:24:39.100996,70.01708358660588,63.64711416869439,0
2025-04-19 04:25:39.100995,73.98364667133902,58.078294761545166,0
2025-04-19 04:26:39.100994,69.02276200256922,60.435994552081524,0
2025-04-19 04:27:39.100993,83.51801021191771,57.8448866103457,0
2025-04-19 04:28:39.100992,74.71898419063564,59.00312729027098,1
2025-04-19 04:29:39.100991,79.08587439201075,58.890412994334135,0
2025-04-19 04:30:39.100990,90.17980233948892,51.156410729055665,1
2025-04-19 04:31:39.100989,78.62203071388461,54.00379128137758,0
2025-04-19 04:32:39.100988,87.7829824842763,57.62934592372331,0
2025-04-19 04:33:39.100987,89.18403126218415,61.59461713327728,0
2025-04-19 04:34:39.100986,72.35799710123533,58.182391361336485,0
2025-04-19 04:35:39.100985,86.91765213285838,60.14525700946333,0
2025-04-19 04:36:39.100984,76.8869141341246,58.94532808277254,0
2025-04-19 04:37:39.100983,78.35739105770165,60.86321289847053,1
2025-04-19 04:38:39.100982,74.79220375518935,61.79119960752414,0
2025-04-19 04:39:39.100981,76.08805890793974,54.54552115865825,0
2025-04-19 04:40:39.100981,91.80137360199068,55.12307950827932,0
2025-04-19 04:41:39.100980,84.86925186593612,57.648263093047454,0
2025-04-19 04:42:39.100979,91.3745079606428,57.828943208611975,0
2025-04-19 04:43:39.100978,72.6039246262175,50.50122429466415,0
2025-04-19 04:44:39.100977,63.681232751908055,51.14511368716666,0
2025-04-19 04:45:39.100976,88.1503754540603,60.44226754681554,0
2025-04-19 04:46:39.100975,83.50186044240056,59.83846445119078,0
2025-04-19 04:47:39.100974,104.61100259825034,64.23468355821579,0
2025-04-19 04:48:39.100973,90.26096569256538,61.43712898149988,0
2025-04-19 04:49:39.100972,85.67657141663214,54.32723192612348,0
2025-04-19 04:50:39.100971,79.987379879251,62.4322862974312,0
2025-04-19 04:51:39.100970,80.59997497132277,61.99477242149375,0
2025-04-19 04:52:39.100969,75.77444635802438,62.30279767163112,0
2025-04-19 04:53:39.100968,76.96416588315984,58.508610543351,0
2025-04-19 04:54:39.100967,78.41452469466454,49.944929242067474,0
2025-04-19 04:55:39.100966,66.08126168541779,66.78644487351646,0
2025-04-19 04:56:39.100965,103.23904424701982,66.98492156016118,0
2025-04-19 04:57:39.100964,78.57887191363749,49.87590479244485,0
2025-04-19 04:58:39.100963,76.81348676764387,52.7318723175424,1
2025-04-19 04:59:39.100962,75.56595645585061,66.7501541550388,0
2025-04-19 05:00:39.100961,86.44632112767982,59.676863931246736,0
2025-04-19 05:01:39.100960,84.02091889406184,58.68639279098472,0
2025-04-19 05:02:39.100959,76.76329696121124,68.16942924527797,0
2025-04-19 05:03:39.100958,78.16923344813098,61.86795788086446,0
2025-04-19 05:04:39.100957,75.96557395532024,61.829451099930694,0
2025-04-19 05:05:39.100956,75.44294767661695,64.73763451467416,0
2025-04-19 05:06:39.100955,82.52366768925232,51.70651562966677,0
2025-04-19 05:07:39.100954,95.41944283261316,58.68464839776513,0
2025-04-19 05:08:39.100953,72.13453612525238,65.21186986365728,0
2025-04-19 05:09:39.100952,68.31053698721432,53.17849991477262,0
2025-04-19 05:10:39.100951,97.05086841249661,57.48683962961343,0
2025-04-19 05:11:39.100950,92.01542419086982,68.59047879569411,0
2025-04-19 05:12:39.100949,69.86018621088839,61.766658470667224,0
2025-04-19 05:13:39.100948,55.627344389503435,60.695456273176475,0
2025-04-19 05:14:39.100947,85.41033633047768,66.68349483049607,0
2025-04-19 05:15:39.100946,79.22791059381741,67.88393102828766,0
2025-04-19 05:16:39.100945,62.53398061326412,62.573125192765666,1
2025-04-19 05:17:39.100944,83.46830439655045,63.99057691083502,0
2025-04-19 05:18:39.100943,89.50175413479911,51.83967008259973,0
2025-04-19 05:19:39.100942,90.94799426027065,61.20372139837642,0
2025-04-19 05:20:39.100941,67.88734770350604,66.48163572801998,0
2025-04-19 05:21:39.100940,84.07818243696055,56.352334525455774,0
2025-04-19 05:22:39.100939,73.52158302014166,50.99010240275947,0
2025-04-19 05:23:39.100938,73.72489387533014,62.17455305968153,0
2025-04-19 05:24:39.100937,90.3722512232296,57.81046489972422,0
2025-04-19 05:25:39.100936,81.83700142227342,61.8012845896555,0
2025-04-19 05:26:39.100935,78.62796909991293,58.01185477153071,0
2025-04-19 05:27:39.100934,85.5994697850149,58.853399147491494,0
2025-04-19 05:28:39.100933,73.7869020299456,59.378199873895376,0
2025-04-19 05:29:39.100932,92.9804132434607,58.115008103737615,0
2025-04-19 05:30:39.100931,92.73849108983711,60.453589909444396,0
2025-04-19 05:31:39.100930,71.96280004896258,62.43158450291121,0
2025-04-19 05:32:39.100929,64.86390808528328,58.12657299773144,0
2025-04-19 05:33:39.100928,68.08944863383982,49.503130163231376,0
2025-04-19 05:34:39.100927,77.57252299111443,58.43555426065393,0
2025-04-19 05:35:39.100926,74.95007107774204,60.31917763224741,0
2025-04-19 05:36:39.100925,75.50557070534452,61.79233366287305,0
2025-04-19 05:37:39.100924,72.37305767608646,53.51810725272862,0
2025-04-19 05:38:39.100923,67.11691886182412,64.0663732454878,1
2025-04-19 05:39:39.100922,75.63654521816696,55.618332191111065,0
2025-04-19 05:40:39.100921,90.46237422079864,58.439610596346014,0
2025-04-19 05:41:39.100920,84.12724049876174,71.3979827463299,0
2025-04-19 05:42:39.100919,84.42545006691284,61.583629052679385,0
2025-04-19 05:43:39.100918,73.75426369994096,56.25111540842751,0
2025-04-19 05:44:39.100917,81.36224866099921,65.95709149449593,0
2025-04-19 05:45:39.100916,80.58865656108358,47.54937064765245,0
2025-04-19 05:46:39.100915,66.34050463912845,57.167803788041155,0
2025-04-19 05:47:39.100914,68.46985956522795,61.42539332018706,0
2025-04-19 05:48:39.100913,79.37063232049358,51.35889977510833,0
2025-04-19 05:49:39.100912,74.18581113414126,65.96310161511295,1
2025-04-19 05:50:39.100911,68.22515180418937,61.584945615576665,0
2025-04-19 05:51:39.100910,77.96083272879035,63.89922435314614,0
2025-04-19 05:52:39.100909,80.28951103041543,56.77556719107829,0
2025-04-19 05:53:39.100908,81.1912541400227,55.680704489958444,0
2025-04-19 05:54:39.100907,80.77476814428795,56.69806092272551,0
2025-04-19 05:55:39.100906,71.63519378905522,58.91672183204008,0
2025-04-19 05:56:39.100905,56.2902442076835,62.23913355787816,0
2025-04-19 05:57:39.100904,90.53313810726769,61.03930415077764,0
2025-04-19 05:58:39.100903,91.29456868680882,68.51189853972538,0
2025-04-19 05:59:39.100902,73.78139544612505,71.22526144674146,0
2025-04-19 06:00:39.100901,82.07498176924484,66.55970275348183,0
2025-04-19 06:01:39.100900,101.50803636661848,62.35839926601775,0
2025-04-19 06:02:39.100899,71.0836618519045,64.05116776649135,0
2025-04-19 06:03:39.100898,80.58023350107455,65.88381101400545,0
2025-04-19 06:04:39.100897,78.01479968276223,56.663996864872416,0
2025-04-19 06:05:39.100896,76.60266388764111,61.05591171205936,0
2025-04-19 06:06:39.100895,73.80379759297928,58.59616110438211,0
2025-04-19 06:07:39.100895,82.10162697108326,56.57392448137407,0
2025-04-19 06:08:39.100894,76.69373724860402,57.89496490579103,0
2025-04-19 06:09:39.100892,50.21331984993793,58.96478187691899,0
2025-04-19 06:10:39.100891,77.17443297894516,56.64812120253638,0
2025-04-19 06:11:39.100890,71.91376696483329,50.47410296745494,0
2025-04-19 06:12:39.100889,85.68829711210573,62.57307414436616,0
2025-04-19 06:13:39.100888,96.15281466117949,58.687994523098496,0
2025-04-19 06:14:39.100887,79.82676572627429,64.42167847622127,0
2025-04-19 06:15:39.100886,87.8289217776279,57.348701186345515,0
2025-04-19 06:16:39.100886,58.91760989899403,65.4420808332469,0
2025-04-19 06:17:39.100884,83.5002653913911,62.142382028685624,0
2025-04-19 06:18:39.100883,84.39871716903032,63.05499383311424,0
2025-04-19 06:19:39.100882,72.49275188148454,57.57622646044812,0
2025-04-19 06:20:39.100882,81.78860332654597,57.67533314732551,0
2025-04-19 06:21:39.100881,62.7529892904411,58.388180050208646,1
2025-04-19 06:22:39.100880,75.5791460569121,71.34058139131767,1
2025-04-19 06:23:39.100879,81.23660006952365,50.37314941903897,0
2025-04-19 06:24:39.100878,80.95119286746458,55.43056801081986,0
2025-04-19 06:25:39.100877,57.34165362020882,63.70658745049248,0
2025-04-19 06:26:39.100876,79.12840339377517,63.61374650137056,0
2025-04-19 06:27:39.100875,82.4598504256851,69.49167249094867,0
2025-04-19 06:28:39.100874,94.34134960339087,55.780202410013274,0
2025-04-19 06:29:39.100873,75.10277834395393,62.11006471452303,0
2025-04-19 06:30:39.100872,61.2676388702224,65.13331823004384,0
2025-04-19 06:31:39.100871,73.06329111228631,54.17089689197014,0
2025-04-19 06:32:39.100870,82.18745361435161,53.918425601910506,0
2025-04-19 06:33:39.100869,91.33878432520936,62.61401055520229,0
2025-04-19 06:34:39.100868,93.24674242726199,55.39552987461373,0
2025-04-19 06:35:39.100867,65.9754959307736,59.171153063078954,0
2025-04-19 06:36:39.100866,74.73356739484805,51.25748637333972,0
2025-04-19 06:37:39.100865,67.4641552939805,59.65203896412498,0
2025-04-19 06:38:39.100864,77.03906211481508,60.13380734665171,0
2025-04-19 06:39:39.100863,90.02694603386617,68.27763852536383,0
2025-04-19 06:40:39.100862,81.66353421298845,55.95503314776987,0
2025-04-19 06:41:39.100861,85.94302805721425,52.37667404758448,0
2025-04-19 06:42:39.100860,84.94234524405135,63.14930669122124,0
2025-04-19 06:43:39.100859,83.31750979774641,63.33080398121739,0
2025-04-19 06:44:39.100858,98.77111974795764,58.05901085976875,0
2025-04-19 06:45:39.100857,78.04841525197587,62.30470385561407,0
2025-04-19 06:46:39.100856,82.70503659839902,72.83502151128116,0
2025-04-19 06:47:39.100855,77.07203014791133,56.48423673922713,0
2025-04-19 06:48:39.100854,80.28622976755332,52.55779111834711,0
2025-04-19 06:49:39.100853,90.0065911415611,56.26583980512383,0
2025-04-19 06:50:39.100852,80.76812241662311,57.16307740828796,0
2025-04-19 06:51:39.100851,91.30892480309444,54.43950543414597,0
2025-04-19 06:52:39.100850,92.78455504926737,52.94773101281559,0
2025-04-19 06:53:39.100849,75.11459354241867,63.37923259566673,0
2025-04-19 06:54:39.100848,83.13363233419238,62.49241289187708,0
2025-04-19 06:55:39.100847,98.35745741109383,54.06438907731454,0
2025-04-19 06:56:39.100843,84.8379739390998,67.17611331870876,0
2025-04-19 06:57:39.100842,88.84162363049656,68.3602513899107,0
2025-04-19 06:58:39.100841,76.60985907703298,50.52074933967411,0
2025-04-19 06:59:39.100840,94.38062742806105,58.25973545916429,0
2025-04-19 07:00:39.100839,90.09855678570659,54.69474769459345,0
2025-04-19 07:01:39.100838,85.94600778977481,59.788900116845646,0
2025-04-19 07:02:39.100837,61.64587726666099,55.366853002261074,0
2025-04-19 07:03:39.100836,81.95639498033592,58.8130846337622,0
2025-04-19 07:04:39.100836,86.15545488047862,68.40692441405011,0
2025-04-19 07:05:39.100835,107.06840090467111,54.78985837779389,0
2025-04-19 07:06:39.100834,96.15687907360243,64.41658877182246,0
2025-04-19 07:07:39.100833,72.74550557523494,56.11578086054802,0
2025-04-19 07:08:39.100832,80.04381722877233,49.00454660398009,0
2025-04-19 07:09:39.100831,75.67628900054657,66.13971662245409,0
2025-04-19 07:10:39.100830,77.77915611804615,60.30459084332099,0
2025-04-19 07:11:39.100829,86.45444459219424,56.395306572664225,0
2025-04-19 07:12:39.100828,95.01066822487284,60.18859385892234,0
2025-04-19 07:13:39.100827,73.0488340623114,67.28843977882904,0
2025-04-19 07:14:39.100826,86.43344943669791,53.45587803855482,0
2025-04-19 07:15:39.100825,62.50451184844018,67.49992298322817,0
2025-04-19 07:16:39.100824,94.1363708883497,65.82013514598036,0
2025-04-19 07:17:39.100823,75.12716896861406,64.78725259410739,0
2025-04-19 07:18:39.100822,69.10334679904935,61.95244848141678,0
2025-04-19 07:19:39.100821,78.31111688829647,62.99566016812653,0
2025-04-19 07:20:39.100820,83.05024661722915,63.07817825688596,0
2025-04-19 07:21:39.100819,85.95185467668482,57.21318263057665,0
2025-04-19 07:22:39.100818,84.8456776654974,61.71124759471741,0
2025-04-19 07:23:39.100817,63.93218590351615,56.47957100440215,0
2025-04-19 07:24:39.100816,67.88398999598526,67.93939693024504,0
2025-04-19 07:25:39.100815,101.06187913863928,66.20989316890356,1
2025-04-19 07:26:39.100814,77.06795642965625,68.5989704893951,0
2025-04-19 07:27:39.100813,72.78007364457409,56.19947482382114,0
2025-04-19 07:28:39.100812,89.87023069586519,64.76524355340906,0
2025-04-19 07:29:39.100811,68.25472009702872,57.47781519538585,0
2025-04-19 07:30:39.100810,86.57316719236204,63.403422274581175,0
2025-04-19 07:31:39.100809,94.67069473899622,56.161799490698755,1
2025-04-19 07:32:39.100808,70.32148500635472,58.21200882098056,0
2025-04-19 07:33:39.100807,72.7139679060977,56.75685301927155,0
2025-04-19 07:34:39.100806,67.71805531046314,51.29932014494274,0
2025-04-19 07:35:39.100805,57.50461485917578,62.906808323417735,0
2025-04-19 07:36:39.100804,90.15430720942895,53.7442125638634,0
2025-04-19 07:37:39.100803,80.11229793993046,65.79466475802093,0
2025-04-19 07:38:39.100802,72.71264950793073,62.682647547607836,0
2025-04-19 07:39:39.100801,92.08677411399366,57.04708994695652,0
2025-04-19 07:40:39.100800,84.31206443396437,57.63388386018073,0
2025-04-19 07:41:39.100799,68.73974174300308,58.048792982102555,0
2025-04-19 07:42:39.100798,70.8248091194516,64.39977840524435,0
2025-04-19 07:43:39.100797,89.64507561042575,61.68883429348857,0
2025-04-19 07:44:39.100796,87.2395573002943,60.51851742627305,0
2025-04-19 07:45:39.100795,85.41237180092322,57.962128580966734,0
2025-04-19 07:46:39.100794,81.46882265217151,65.40732428554412,0
2025-04-19 07:47:39.100793,71.56584851587867,61.311627849073204,0
2025-04-19 07:48:39.100792,75.83773932329612,59.68863473054294,0
2025-04-19 07:49:39.100791,70.06268614905933,62.94080869099203,0
2025-04-19 07:50:39.100790,81.04947932262853,63.35734031240315,0
2025-04-19 07:51:39.100789,77.60050247340166,56.817652027937946,0
2025-04-19 07:52:39.100788,88.5586835640986,56.79753562150929,0
2025-04-19 07:53:39.100787,93.95491091636035,62.47389090744592,0
2025-04-19 07:54:39.100786,80.92911796184671,63.30663651856272,0
2025-04-19 07:55:39.100785,76.51188522696452,57.939023765211104,0
2025-04-19 07:56:39.100784,69.53845288295926,56.24269001412958,0
2025-04-19 07:57:39.100783,91.811948649163,69.88943012522634,0
2025-04-19 07:58:39.100782,66.74025938861662,62.93220967043329,0
2025-04-19 07:59:39.100781,96.08581019837041,59.94708699155732,0
2025-04-19 08:00:39.100780,76.48358472715627,61.2059763272876,0
2025-04-19 08:01:39.100779,82.73662761421997,63.15633649916392,0
2025-04-19 08:02:39.100778,86.20828158672343,76.22505115031184,0
2025-04-19 08:03:39.100777,78.84849004208793,65.59583640779033,0
2025-04-19 08:04:39.100776,84.34504071104749,59.97039566180778,0
2025-04-19 08:05:39.100775,83.94559315064488,67.21240184589604,0
2025-04-19 08:06:39.100774,81.39048020423077,64.08173340802263,0
2025-04-19 08:07:39.100773,77.56464040540686,58.41773233486768,0
2025-04-19 08:08:39.100772,72.64878723782066,64.87085124021984,0
2025-04-19 08:09:39.100771,87.51414179483415,60.7304644010087,0
2025-04-19 08:10:39.100770,71.5444073453475,61.61953998675188,0
2025-04-19 08:11:39.100769,82.0212907357387,70.4372457102223,0
2025-04-19 08:12:39.100768,76.27639004623664,56.03444833518717,0
2025-04-19 08:13:39.100767,74.5561031458188,69.70093008414415,0
2025-04-19 08:14:39.100766,95.93717249837903,49.086186783317245,0
2025-04-19 08:15:39.100765,76.18752424416715,63.27587092079683,0
2025-04-19 08:16:39.100764,57.12544598572857,48.676334212216915,0
2025-04-19 08:17:39.100763,86.52835358812288,63.57678349837153,0
2025-04-19 08:18:39.100762,95.41253148893807,61.12251798628225,0
2025-04-19 08:19:39.100761,73.71919585236954,55.33824325168571,0
2025-04-19 08:20:39.100760,85.23756482066833,58.111876652256335,0
2025-04-19 08:21:39.100759,75.01708755169625,59.04872362285907,0
2025-04-19 08:22:39.100758,86.91034717481976,64.11740289831653,0
2025-04-19 08:23:39.100757,93.75785365625423,57.285771952642634,0
2025-04-19 08:24:39.100756,70.88029039607508,50.650783009518065,0
2025-04-19 08:25:39.100755,86.53794601998374,60.88837653612012,0
2025-04-19 08:26:39.100754,85.60246770558737,56.6493464334964,0
2025-04-19 08:27:39.100753,79.60606803631549,59.390234001452626,0
2025-04-19 08:28:39.100752,74.30452241070631,71.0316502212884,0
2025-04-19 08:29:39.100751,86.804970115116,61.94549210710465,0
2025-04-19 08:30:39.100750,89.7443490458046,66.3085603487009,0
2025-04-19 08:31:39.100749,72.77803357414139,60.74156546507798,0
2025-04-19 08:32:39.100748,79.21769866568695,70.99733620189494,0
2025-04-19 08:33:39.100747,94.50038813119491,51.91697298563001,0
2025-04-19 08:34:39.100746,91.22162565409181,58.007720035657236,0
2025-04-19 08:35:39.100745,83.07418612618318,53.31224071797108,0
2025-04-19 08:36:39.100744,83.87052515901,55.230091795378954,0
2025-04-19 08:37:39.100743,78.35899194805408,61.317034781636806,0
2025-04-19 08:38:39.100742,83.3416335896758,69.84590036431683,0
2025-04-19 08:39:39.100740,85.13371537157356,59.20515527124178,0
2025-04-19 08:40:39.100738,74.56680103095016,54.9540647508378,0
2025-04-19 08:41:39.100737,80.65067173533811,63.87565930887328,0
2025-04-19 08:42:39.100735,86.75659776349526,57.58177212748958,0
2025-04-19 08:43:39.100734,73.54419408267141,55.18540633306332,0
2025-04-19 08:44:39.100733,88.51959859857371,61.52708365368467,0
2025-04-19 08:45:39.100732,101.98897417830288,57.947020786763645,0
2025-04-19 08:46:39.100731,80.62804196004811,67.23569019253439,0
2025-04-19 08:47:39.100730,81.18356822337365,58.56517228235236,0
2025-04-19 08:48:39.100729,81.34045547786636,64.64173088910792,0
2025-04-19 08:49:39.100728,78.89806327443247,72.43240158251062,0
2025-04-19 08:50:39.100727,71.1141239810144,67.3363396929029,0
2025-04-19 08:51:39.100726,79.08907636402495,54.70552358890022,1
2025-04-19 08:52:39.100725,86.70197888580142,60.704789004459464,0
2025-04-19 08:53:39.100724,82.20089321092914,61.472233756618806,0
2025-04-19 08:54:39.100723,83.67747083734318,57.64563914623608,0
2025-04-19 08:55:39.100722,71.81087700865972,56.39624149186792,1
2025-04-19 08:56:39.100721,72.87023778632711,54.52189826691623,0
2025-04-19 08:57:39.100720,83.29075897370252,58.655150603622445,0
2025-04-19 08:58:39.100715,77.97877462532195,68.43495957580458,0
2025-04-19 08:59:39.100714,70.5924068269299,64.51916389037315,0
2025-04-19 09:00:39.100713,92.95686016896775,52.0237557270045,0
2025-04-19 09:01:39.100712,87.69240450998352,59.241597859678286,1
2025-04-19 09:02:39.100711,65.86917138616207,59.059433691209136,0
2025-04-19 09:03:39.100710,82.11959063464255,65.82228791500245,0
2025-04-19 09:04:39.100709,82.25271285081017,60.71566021798455,0
2025-04-19 09:05:39.100708,83.04863392234321,60.00007993020165,0
2025-04-19 09:06:39.100707,74.40923718323143,66.4062994561008,0
2025-04-19 09:07:39.100706,78.59107390177418,52.76601528902094,0
2025-04-19 09:08:39.100705,73.21977547433761,49.44841269801333,0
2025-04-19 09:09:39.100704,78.91829784326222,53.53492624483556,0
2025-04-19 09:10:39.100703,84.06295232628571,59.42084163898977,0
2025-04-19 09:11:39.100702,71.99505844141302,62.8012715211902,0
2025-04-19 09:12:39.100701,67.32693074994891,56.98793489787763,0
2025-04-19 09:13:39.100700,88.75942936581491,56.72126800794951,0
2025-04-19 09:14:39.100699,66.05634257419156,60.02356126020495,0
2025-04-19 09:15:39.100698,71.61377787631619,53.7534605095898,0
2025-04-19 09:16:39.100697,95.76685714190737,58.06418502898819,0
2025-04-19 09:17:39.100696,65.13771385360192,55.174787761202026,0
2025-04-19 09:18:39.100695,83.30417482389619,50.958424574362,0
2025-04-19 09:19:39.100694,82.81740421691114,64.27966901186502,0
2025-04-19 09:20:39.100693,98.08268993897357,59.46096233802543,0
2025-04-19 09:21:39.100692,77.27982925135514,53.233896251564616,0
2025-04-19 09:22:39.100691,79.25983389928196,57.375405823221925,0
2025-04-19 09:23:39.100690,67.43612270885637,49.691584730307746,0
2025-04-19 09:24:39.100689,89.53075592220848,70.41220225007817,0
2025-04-19 09:25:39.100688,83.51317814372231,50.74742722445478,0
2025-04-19 09:26:39.100688,67.46915300357155,56.57936030567572,0
2025-04-19 09:27:39.100686,93.8127155278217,57.86789333396126,0
2025-04-19 09:28:39.100686,79.36393183013102,60.412550279686684,0
2025-04-19 09:29:39.100685,89.52644082507197,58.85370347004364,0
2025-04-19 09:30:39.100684,76.87220140659365,62.61043233744257,0
2025-04-19 09:31:39.100683,77.61436887113733,59.97785901910095,0
2025-04-19 09:32:39.100682,80.30339631541833,48.438616396131465,0
2025-04-19 09:33:39.100681,88.73270716714408,63.196266137176,0
2025-04-19 09:34:39.100680,66.49828626315157,63.93809583346225,0
2025-04-19 09:35:39.100679,83.15827790054905,66.19445485613133,0
2025-04-19 09:36:39.100678,76.59163789994581,62.9151598227304,0
2025-04-19 09:37:39.100677,86.38910466623078,58.03492712170383,0
2025-04-19 09:38:39.100676,79.17771306823657,60.853700811448604,1
2025-04-19 09:39:39.100675,68.13836006268595,61.31810569048101,0
2025-04-19 09:40:39.100674,75.94870686894828,61.34754301085367,0
2025-04-19 09:41:39.100673,78.55653769476561,61.811458449739206,0
2025-04-19 09:42:39.100672,72.67560882794047,54.85802843017401,0
2025-04-19 09:43:39.100671,68.19969106507651,54.84961784260533,0
2025-04-19 09:44:39.100670,80.15683148533266,63.776546690042274,0
2025-04-19 09:45:39.100669,87.35234942354715,63.205709143953726,0
2025-04-19 09:46:39.100668,81.53441779872604,50.95719014844474,0
2025-04-19 09:47:39.100667,79.25641196990269,53.83573189568965,0
2025-04-19 09:48:39.100666,87.65144768504567,57.99099493331223,0
2025-04-19 09:49:39.100665,98.14716965715205,60.16807594523592,0
2025-04-19 09:50:39.100663,90.70665781972548,71.99572851477767,0
2025-04-19 09:51:39.100662,83.78500065652587,65.97540301456806,0
2025-04-19 09:52:39.100662,88.9133334006777,59.85100384408155,0
2025-04-19 09:53:39.100661,50.64273421544957,54.82535510625468,1
2025-04-19 09:54:39.100660,92.06843308141332,60.73786027167871,0
2025-04-19 09:55:39.100659,83.51236850770907,57.89543366147831,0
2025-04-19 09:56:39.100658,62.86390386879171,52.22072534126931,0
2025-04-19 09:57:39.100657,80.9757952466804,63.69302308305826,0
2025-04-19 09:58:39.100656,96.03056852735172,65.04521071761468,0
2025-04-19 09:59:39.100655,89.52446802366745,45.810589697604655,0
2025-04-19 10:00:39.100654,70.02882790384118,55.95996912366179,0
2025-04-19 10:01:39.100653,58.640272522056726,71.62087921712826,0
2025-04-19 10:02:39.100652,89.81198383259832,63.87003952614791,0
2025-04-19 10:03:39.100651,88.23540332878738,60.344151336847766,0
2025-04-19 10:04:39.100649,78.44849865137051,65.77880440896105,0
2025-04-19 10:05:39.100648,85.70282290853723,54.89221845790859,0
2025-04-19 10:06:39.100648,90.49642431443826,66.01288769645252,0
2025-04-19 10:07:39.100647,54.01294408271079,59.501211325418424,0
2025-04-19 10:08:39.100646,85.71464375644163,62.06704822333189,0
2025-04-19 10:09:39.100644,91.16155229911656,60.11612874001498,0
2025-04-19 10:10:39.100643,69.9904585159377,59.74776832810527,1
2025-04-19 10:11:39.100643,79.37438812378078,54.836699933080695,0
2025-04-19 10:12:39.100642,67.87054399006078,58.580554174275,0
2025-04-19 10:13:39.100641,80.02263789847767,64.29538818290169,0
2025-04-19 10:14:39.100640,65.0259060593458,55.614726556299715,1
2025-04-19 10:15:39.100639,72.82509409108214,62.91200694898602,0
2025-04-19 10:16:39.100638,70.87663512010016,57.81152457196921,0
2025-04-19 10:17:39.100637,73.3286165049622,65.82847255994113,0
2025-04-19 10:18:39.100636,82.50611003950807,46.32358990986599,0
2025-04-19 10:19:39.100635,71.92847644283128,59.19947991654584,0
2025-04-19 10:20:39.100634,85.32965683713877,69.00195688701679,0
2025-04-19 10:21:39.100633,85.97339784453823,54.13233106136993,0
2025-04-19 10:22:39.100632,73.07444462835367,55.660476184338755,0
2025-04-19 10:23:39.100631,91.12197255259017,55.9145539335609,0
2025-04-19 10:24:39.100630,88.65168544161187,53.10932475038354,0
2025-04-19 10:25:39.100629,73.02263642554337,60.882686564049045,0
2025-04-19 10:26:39.100628,63.40973292326886,60.27045509017266,0
2025-04-19 10:27:39.100627,75.22739413482712,53.02538043581148,1
2025-04-19 10:28:39.100626,87.58320002074777,61.87490687991016,0
2025-04-19 10:29:39.100625,90.23256358083123,60.51743470944876,0
2025-04-19 10:30:39.100624,72.85339574150257,58.53056349945654,0
2025-04-19 10:31:39.100623,87.74727835979186,64.63709769411584,0
2025-04-19 10:32:39.100622,79.07067668668552,52.00167669422459,0
2025-04-19 10:33:39.100621,91.34428261012664,61.4413250740913,0
2025-04-19 10:34:39.100620,78.30224017213034,55.20881659819504,0
2025-04-19 10:35:39.100619,69.12634615571459,64.96441812034917,0
2025-04-19 10:36:39.100618,85.94060223580834,64.84438986870948,1
2025-04-19 10:37:39.100617,77.55086751002108,71.4255471335849,0
2025-04-19 10:38:39.100616,77.18064169784851,58.54293065829032,0
2025-04-19 10:39:39.100615,81.79372151085023,64.15778991543138,0
2025-04-19 10:40:39.100614,71.21136269486274,59.2004354257574,1
2025-04-19 10:41:39.100613,61.267090374126646,59.6364439493763,0
2025-04-19 10:42:39.100612,92.48815673255193,57.62661646421352,0
2025-04-19 10:43:39.100611,71.84903929663389,55.38709590242323,0
2025-04-19 10:44:39.100610,83.32192836469687,54.35400747521292,1
2025-04-19 10:45:39.100609,84.05807564404446,54.97655886649778,0
2025-04-19 10:46:39.100608,86.19712231699023,61.02944873133722,0
2025-04-19 10:47:39.100607,76.82914327891875,52.660700989184676,0
2025-04-19 10:48:39.100606,69.78189245791049,64.63996902075411,0
2025-04-19 10:49:39.100605,77.94674909772301,63.70793477250226,0
2025-04-19 10:50:39.100604,77.40617474643753,64.25144230823678,0
2025-04-19 10:51:39.100603,90.90178952555158,57.053396243692276,1
2025-04-19 10:52:39.100602,62.764419646193154,57.72919705030965,0
2025-04-19 10:53:39.100601,84.16828897734496,62.41258776238202,0
2025-04-19 10:54:39.100600,82.79573086976178,55.70302403783492,0
2025-04-19 10:55:39.100599,80.95633535353402,57.85622023630826,0
2025-04-19 10:56:39.100598,73.2371126881938,53.81291134590608,0
2025-04-19 10:57:39.100597,91.77403334695222,61.57577582387875,0
2025-04-19 10:58:39.100596,97.2449911245849,68.461944545803,0
2025-04-19 10:59:39.100595,85.64846247952948,58.53067496407477,0
2025-04-19 11:00:39.100594,62.158343658278596,55.11656104414543,0
2025-04-19 11:01:39.100593,88.62303508933864,57.62448579233006,0
2025-04-19 11:02:39.100592,74.21841647917442,61.01782445175071,0
2025-04-19 11:03:39.100591,75.46436163742821,56.216779221091656,0
2025-04-19 11:04:39.100590,77.09295731788174,58.062613031018095,0
2025-04-19 11:05:39.100589,87.61940069160977,57.592931221668124,0
2025-04-19 11:06:39.100588,91.34547031761569,52.83128048399048,0
2025-04-19 11:07:39.100587,85.33286848055697,57.61160148068022,0
2025-04-19 11:08:39.100586,98.72484429795293,55.76515396169497,0
2025-04-19 11:09:39.100585,72.96970711810799,55.42796561811079,0
2025-04-19 11:10:39.100584,91.51296933517413,76.37899221643463,0
2025-04-19 11:11:39.100583,70.82993207979132,64.77877331915066,0
2025-04-19 11:12:39.100582,78.60130148641805,52.09071944764846,0
2025-04-19 11:13:39.100581,75.93543390712522,53.392774194117436,0
2025-04-19 11:14:39.100580,83.32433804984474,58.204609804621455,0
2025-04-19 11:15:39.100579,93.78659263767867,62.10241049364758,0
2025-04-19 11:16:39.100578,92.11241822096204,58.05725093082957,0
2025-04-19 11:17:39.100577,85.75024940320115,55.03219465852405,0
2025-04-19 11:18:39.100576,76.67365336750947,52.36679322252371,0
2025-04-19 11:19:39.100575,75.41480895094496,62.773190479030504,0
2025-04-19 11:20:39.100574,50.93883056860109,68.46504690159298,0
2025-04-19 11:21:39.100573,75.21746587144216,58.90580307826445,0
2025-04-19 11:22:39.100572,76.50701412674354,50.88401376918887,0
2025-04-19 11:23:39.100571,78.04022929129928,56.41255076879048,0
2025-04-19 11:24:39.100570,75.38897068643817,61.749071726814584,0
2025-04-19 11:25:39.100569,59.90962726311343,58.29732518012827,0
2025-04-19 11:26:39.100568,74.8445612973014,60.614620753762374,0
2025-04-19 11:27:39.100567,98.48769610890194,55.12119596736178,0
2025-04-19 11:28:39.100566,95.00232563683711,67.69425527571119,1
2025-04-19 11:29:39.100565,76.06917037402697,55.8792599358173,0
2025-04-19 11:30:39.100564,65.83081267553781,65.76312504412302,0
2025-04-19 11:31:39.100563,94.1692619349648,60.76121543224913,0
2025-04-19 11:32:39.100562,99.2504910350345,58.6565011767927,1
2025-04-19 11:33:39.100561,44.1757850804474,54.684817458778646,0
2025-04-19 11:34:39.100560,64.90780162917547,61.430170795043225,0
2025-04-19 11:35:39.100559,71.32612527221069,52.83842632007491,0
2025-04-19 11:36:39.100558,100.05925655036556,62.839255368085034,0
2025-04-19 11:37:39.100557,83.76456638624359,61.13268957104257,0
2025-04-19 11:38:39.100556,75.13986470831915,60.398276915943946,0
2025-04-19 11:39:39.100555,84.31083009741796,54.98709538905696,0
2025-04-19 11:40:39.100554,76.54845835075852,60.92014311038776,0
2025-04-19 11:41:39.100553,92.78025533245719,54.06266180048746,0
2025-04-19 11:42:39.100552,74.65279249428912,59.828062435836316,0
2025-04-19 11:43:39.100551,73.47523165826325,61.0255879438258,0
2025-04-19 11:44:39.100550,70.67625451935918,71.30338847270323,0
2025-04-19 11:45:39.100549,80.82666534080539,66.33413662527336,0
2025-04-19 11:46:39.100548,78.93126481956863,62.287728515126624,0
2025-04-19 11:47:39.100547,89.57783633738424,56.40259188655197,0
2025-04-19 11:48:39.100546,78.64060763625234,56.254106949828504,0
2025-04-19 11:49:39.100545,77.67743406264393,56.65743051662605,0
2025-04-19 11:50:39.100544,84.571756735171,54.62225440550658,0
2025-04-19 11:51:39.100543,88.25386531058045,50.06008723906234,0
2025-04-19 11:52:39.100542,86.1512144250358,66.32888017286206,0
2025-04-19 11:53:39.100541,82.14076704054521,59.9329421279435,0
2025-04-19 11:54:39.100540,67.53359519330154,61.60294384725109,0
2025-04-19 11:55:39.100539,76.00362421943863,68.15327055131857,0
2025-04-19 11:56:39.100539,81.71272586002266,59.519746994780334,0
2025-04-19 11:57:39.100538,73.43181988526189,54.04751301312232,0
2025-04-19 11:58:39.100537,82.46681076164306,63.36474815191986,0
2025-04-19 11:59:39.100536,90.70902434108359,71.22582810488169,0
2025-04-19 12:00:39.100535,92.8329934347802,69.61891411015876,0
2025-04-19 12:01:39.100534,85.07814418909952,51.75237417859266,0
2025-04-19 12:02:39.100533,84.4899074567031,65.97448256317168,1
2025-04-19 12:03:39.100532,62.72137334932558,58.40659440539802,0
2025-04-19 12:04:39.100531,88.67151839741598,60.00824547752805,0
2025-04-19 12:05:39.100530,92.35672148730151,61.59437698750149,0
2025-04-19 12:06:39.100529,63.787344276661884,60.76581230577037,0
2025-04-19 12:07:39.100527,84.41560454264621,58.7325353735331,0
2025-04-19 12:08:39.100526,73.8488872878593,59.94454764951673,0
2025-04-19 12:09:39.100525,91.61649851676233,62.30544246908333,0
2025-04-19 12:10:39.100524,70.32272081740663,58.49426968334336,0
2025-04-19 12:11:39.100523,73.10019329275227,59.09714868096428,0
2025-04-19 12:12:39.100522,69.1750716867947,67.21187716767366,0
2025-04-19 12:13:39.100521,99.31335630757229,53.83057250562603,0
2025-04-19 12:14:39.100520,70.66151312988251,59.04676478691333,0
2025-04-19 12:15:39.100519,73.66629016295511,57.94352062210956,0
2025-04-19 12:16:39.100518,53.73022032811683,50.16841071112753,0
2025-04-19 12:17:39.100517,69.6345130488284,67.90604236017856,0
2025-04-19 12:18:39.100516,80.45611287624521,62.15605554177471,0
2025-04-19 12:19:39.100515,77.33879280156076,56.57068724569916,0
2025-04-19 12:20:39.100514,79.24652756591874,59.597030864325156,0
2025-04-19 12:21:39.100513,80.80222537908088,53.96673372039761,0
2025-04-19 12:22:39.100512,81.70900287270572,59.750921643343,0
2025-04-19 12:23:39.100511,68.45735448944666,60.61217178946237,0
2025-04-19 12:24:39.100510,76.00979559401978,57.29947499465495,0
2025-04-19 12:25:39.100509,66.93862307563938,62.01644614522766,0
2025-04-19 12:26:39.100508,91.84929043435136,55.9848084401896,0
2025-04-19 12:27:39.100507,76.45323629836074,58.14758737382696,0
2025-04-19 12:28:39.100506,72.79199583132706,65.61141264711458,0
2025-04-19 12:29:39.100505,71.43623056549757,50.59156273164355,0
2025-04-19 12:30:39.100504,77.71627218157931,60.44479850529057,0
2025-04-19 12:31:39.100503,73.60724809108605,47.262325245980215,0
2025-04-19 12:32:39.100502,68.93090084978567,63.43232023896621,0
2025-04-19 12:33:39.100501,75.78966206389646,61.24450246513164,0
2025-04-19 12:34:39.100500,85.19142798680072,52.65045776970172,0
2025-04-19 12:35:39.100499,79.33215600646025,64.07609832427727,0
2025-04-19 12:36:39.100497,86.54256732940563,64.52997325262693,0
2025-04-19 12:37:39.100496,81.33956868272627,58.36950696147518,0
2025-04-19 12:38:39.100495,72.07056123779927,59.34741260713085,0
2025-04-19 12:39:39.100494,81.11921325413029,59.41997911219116,0
2025-04-19 12:40:39.100493,62.06167814430472,52.714070916515325,0
2025-04-19 12:41:39.100492,75.05493134576128,71.53174178643043,0
2025-04-19 12:42:39.100491,91.344789861124,63.53223578631588,0
2025-04-19 12:43:39.100490,76.18129366046416,63.641415448801716,0
2025-04-19 12:44:39.100489,78.73675031109308,57.93629766057122,0
2025-04-19 12:45:39.100488,85.58253420439074,65.45595448912245,0
2025-04-19 12:46:39.100487,61.67463610456453,60.43567915855438,0
2025-04-19 12:47:39.100486,90.15326290764227,58.236716997430825,0
2025-04-19 12:48:39.100485,83.02546808530556,62.33662943231897,0
2025-04-19 12:49:39.100484,83.10759031534572,63.944925775344004,0
2025-04-19 12:50:39.100483,71.45945553671164,61.81555459725668,0
2025-04-19 12:51:39.100482,85.02563440966975,63.73589770363335,1
2025-04-19 12:52:39.100481,72.29817680285221,50.62374362650341,0
2025-04-19 12:53:39.100480,90.07595805483058,61.91224548267216,0
2025-04-19 12:54:39.100479,84.56197232470954,57.96952944044867,0
2025-04-19 12:55:39.100478,69.93325195114485,62.64400635120652,0
2025-04-19 12:56:39.100477,71.96314651372474,56.9106586884696,0
2025-04-19 12:57:39.100476,84.08367182179333,58.7172274263485,0
2025-04-19 12:58:39.100475,79.30462540522068,56.09406701788258,0
2025-04-19 12:59:39.100474,76.91447705796566,65.7042286276913,0
2025-04-19 13:00:39.100473,83.95070936934937,58.996477441000195,0
2025-04-19 13:01:39.100472,70.62518330177716,54.88620808135312,0
2025-04-19 13:02:39.100471,81.26113792752903,54.726638252189346,0
2025-04-19 13:03:39.100470,74.24809926518093,58.515601909619726,0
2025-04-19 13:04:39.100469,64.689404338549,67.708915379804,0
2025-04-19 13:05:39.100468,78.72285318636546,60.31773954837861,0
2025-04-19 13:06:39.100467,82.67338759368852,57.47592588770025,0
2025-04-19 13:07:39.100466,79.37605882148844,49.03636518826753,0
2025-04-19 13:08:39.100465,91.23180934352636,57.039885636277056,0
2025-04-19 13:09:39.100464,65.91858927337574,52.29218901166293,0
2025-04-19 13:10:39.100463,83.96579717436597,60.4108828509182,1
2025-04-19 13:11:39.100462,94.37203536746247,64.7545346712757,0
2025-04-19 13:12:39.100461,80.51884280974015,67.858108697727,0
2025-04-19 13:13:39.100460,75.98084123492808,60.97215550619454,0
2025-04-19 13:14:39.100459,81.413127013197,61.510789389118344,0
2025-04-19 13:15:39.100458,82.74225409784204,60.19626949916739,0
2025-04-19 13:16:39.100457,75.06806669659105,55.41061203321658,0
2025-04-19 13:17:39.100456,70.44732573363633,60.64439981696269,0
2025-04-19 13:18:39.100455,70.32848042738122,52.96709150188891,0
2025-04-19 13:19:39.100454,83.53408845579824,55.82439952680206,0
2025-04-19 13:20:39.100453,77.19556780594685,57.156212745069766,0
2025-04-19 13:21:39.100452,67.2214993874203,67.20344730144767,0
2025-04-19 13:22:39.100451,71.94380139440075,62.23828084596026,0
2025-04-19 13:23:39.100450,82.33875986416506,60.75627609004599,1
2025-04-19 13:24:39.100449,88.4631207046384,53.92633426690027,1
2025-04-19 13:25:39.100448,94.40799009204837,55.068352246436106,0
2025-04-19 13:26:39.100447,85.90305535984413,47.81712880564049,0
2025-04-19 13:27:39.100446,72.37387410400221,48.81515589125222,0
2025-04-19 13:28:39.100445,80.55930888832184,64.57585066137759,0
2025-04-19 13:29:39.100444,78.79890293424765,62.891500014302935,0
2025-04-19 13:30:39.100443,70.78060781175631,61.083950564691285,0
2025-04-19 13:31:39.100442,86.9028736681929,61.0282598466676,0
2025-04-19 13:32:39.100441,76.64256490363015,62.37370957629005,1
2025-04-19 13:33:39.100440,67.0244707861559,66.36248121479144,0
2025-04-19 13:34:39.100439,90.31983381761343,63.43883425492359,0
2025-04-19 13:35:39.100438,104.23572609164006,62.45216335780189,0
2025-04-19 13:36:39.100437,56.1601701905416,56.78192557119876,0
2025-04-19 13:37:39.100436,75.66949126327961,59.14432825621661,0
2025-04-19 13:38:39.100435,86.11313911633894,62.39157428450327,0
2025-04-19 13:39:39.100434,78.21060609025591,63.091905288988166,0
2025-04-19 13:40:39.100433,86.9808318497888,59.16770103482982,0
2025-04-19 13:41:39.100432,71.42393985414279,56.819152993728736,0
2025-04-19 13:42:39.100431,92.92546598532553,59.13293396027972,0
2025-04-19 13:43:39.100430,84.41850194288254,64.7735247267676,0
2025-04-19 13:44:39.100429,73.6603530720273,55.652989087698785,0
2025-04-19 13:45:39.100428,94.51991891367827,58.71022952481435,0
2025-04-19 13:46:39.100427,75.81616135856797,58.564473076465326,0
2025-04-19 13:47:39.100426,84.67897593753996,58.86184712565355,1
2025-04-19 13:48:39.100425,72.71132711254369,58.95314198088874,0
2025-04-19 13:49:39.100424,65.51073277066081,64.904059808526,0
2025-04-19 13:50:39.100423,80.86698236633426,51.710100186412205,0
2025-04-19 13:51:39.100422,84.09131739840502,55.80901257810645,0
2025-04-19 13:52:39.100421,95.39792428487492,47.33947491707646,1
2025-04-19 13:53:39.100420,69.81906464136483,62.76936119864335,0
2025-04-19 13:54:39.100419,87.34138311150743,63.62045791819892,0
2025-04-19 13:55:39.100418,73.35490293480926,62.08045968603734,0
2025-04-19 13:56:39.100417,98.31071528518451,58.845157220627165,0
2025-04-19 13:57:39.100416,76.33313970417187,55.386256158104615,0
2025-04-19 13:58:39.100415,94.04390148583757,60.379454548809385,0
2025-04-19 13:59:39.100414,79.15490504493975,65.57676213700137,1
2025-04-19 14:00:39.100413,91.4294146686367,54.91234436958539,0
2025-04-19 14:01:39.100412,82.37061356211522,60.406268548142506,0
2025-04-19 14:02:39.100411,82.58372763935697,57.86953006541744,0
2025-04-19 14:03:39.100410,77.73689933014667,65.34771864162069,0
2025-04-19 14:04:39.100409,67.6582527361863,59.8602243776492,0
2025-04-19 14:05:39.100408,69.78531189595184,67.95480670490699,0
2025-04-19 14:06:39.100407,79.21507263152557,61.97756031968257,1
2025-04-19 14:07:39.100406,59.7380439013045,58.49498750295098,0
2025-04-19 14:08:39.100405,68.14588128794267,53.58921863880994,1
2025-04-19 14:09:39.100404,83.10968922682996,56.31295399129674,0
2025-04-19 14:10:39.100403,72.09048631785889,59.056278952861774,0
2025-04-19 14:11:39.100402,84.25500541735701,61.00803796698541,0
2025-04-19 14:12:39.100401,83.90548978639357,53.22408158136333,0
2025-04-19 14:13:39.100400,86.01327552778658,61.155710344059294,1
2025-04-19 14:14:39.100399,91.4334173028456,60.80831247104765,0
2025-04-19 14:15:39.100398,62.78000687524747,55.26336679594963,0
2025-04-19 14:16:39.100397,82.18031293796642,55.64569543914899,0
2025-04-19 14:17:39.100396,77.60187131900567,61.36067305459019,0
2025-04-19 14:18:39.100395,81.23542778838512,58.35987039236395,0
2025-04-19 14:19:39.100394,63.63728191437217,60.48143456412743,0
2025-04-19 14:20:39.100393,82.24655658800731,68.49504590982362,0
2025-04-19 14:21:39.100392,55.10052609549035,63.41058894922713,0
2025-04-19 14:22:39.100391,87.10650831461194,58.67138195690736,0
2025-04-19 14:23:39.100390,69.0266659881217,59.98317000217875,0
2025-04-19 14:24:39.100389,87.29331283699426,65.38682567361215,0
2025-04-19 14:25:39.100388,78.28872634827913,69.42171341399812,0
2025-04-19 14:26:39.100387,92.25129438964757,64.05705647278536,0
2025-04-19 14:27:39.100386,80.40174906034939,57.77419141282198,0
2025-04-19 14:28:39.100385,72.06483670360424,70.6874286096988,0
2025-04-19 14:29:39.100384,78.67300498540433,68.3997030078374,0
2025-04-19 14:30:39.100383,68.51768723250757,53.99435487784167,0
2025-04-19 14:31:39.100382,78.50918322113063,59.929669031426414,0
2025-04-19 14:32:39.100381,88.70644560771191,59.623600823990316,0
2025-04-19 14:33:39.100380,101.74127479031289,62.36509156180824,0
2025-04-19 14:34:39.100379,86.83306142054792,49.16336763142391,0
2025-04-19 14:35:39.100378,82.97930951237582,57.62228235859801,0
2025-04-19 14:36:39.100377,90.24918555394484,60.939950966354,0
2025-04-19 14:37:39.100376,87.44388325111126,60.19830739261797,0
2025-04-19 14:38:39.100375,68.139221146832,59.99703192524895,0
2025-04-19 14:39:39.100374,84.80203504120458,67.27682852711813,0
2025-04-19 14:40:39.100373,85.18245163145497,55.49306156652182,0
2025-04-19 14:41:39.100372,70.5883581071741,57.04057938451449,0
2025-04-19 14:42:39.100371,75.12690064569212,54.71702804384265,0
2025-04-19 14:43:39.100370,79.27884566564263,60.831997193053276,0
2025-04-19 14:44:39.100369,76.22866936617113,51.95178505844755,0
2025-04-19 14:45:39.100368,75.43185874716367,63.548982333589755,0
2025-04-19 14:46:39.100367,92.2607273578972,47.93407134137931,0
2025-04-19 14:47:39.100366,69.6738678209679,58.605484242850956,0
2025-04-19 14:48:39.100364,62.452596928660036,59.98202144241108,0
2025-04-19 14:49:39.100363,84.4017174530592,54.193691588108905,0
2025-04-19 14:50:39.100362,98.84671495815871,68.05363241170065,0
2025-04-19 14:51:39.100361,61.44467002498198,56.675331612915784,0
2025-04-19 14:52:39.100360,89.92281681987765,65.18938821980045,0
2025-04-19 14:53:39.100359,74.3731236728996,66.50585826195802,0
2025-04-19 14:54:39.100358,74.62687034332897,64.90200639576561,0
2025-04-19 14:55:39.100357,72.4178357066627,68.7357419636993,0
2025-04-19 14:56:39.100356,80.96984901612508,58.01576797323571,0
2025-04-19 14:57:39.100355,67.0611067125526,58.87284026741647,0
2025-04-19 14:58:39.100354,84.64644286476594,62.59654240460082,0
2025-04-19 14:59:39.100353,77.59262304010204,51.384797827043336,0
2025-04-19 15:00:39.100352,77.18724900911407,65.66763956608176,0
2025-04-19 15:01:39.100351,71.42338612853138,62.64755760694571,0
2025-04-19 15:02:39.100350,64.39047727780442,62.13017710294558,0
2025-04-19 15:03:39.100349,88.78567476224498,60.02085730035223,0
2025-04-19 15:04:39.100348,84.7819869804022,61.613508451742646,0
2025-04-19 15:05:39.100347,85.38199850331034,68.39843764641535,0
2025-04-19 15:06:39.100346,90.48448661276146,54.25114880225799,0
2025-04-19 15:07:39.100345,68.6401064316326,51.988141140446764,0
2025-04-19 15:08:39.100344,88.03584507107212,62.39574750620314,0
2025-04-19 15:09:39.100343,79.18696482119461,62.24459043755633,0
2025-04-19 15:10:39.100342,80.91617755568743,59.93834839024033,0
2025-04-19 15:11:39.100341,87.61242891036294,60.68962623647272,0
2025-04-19 15:12:39.100340,79.34367837510705,59.61838357950334,0
2025-04-19 15:13:39.100339,93.18908061048117,62.63229689484219,0
2025-04-19 15:14:39.100338,97.99678176179778,70.06157817020755,0
2025-04-19 15:15:39.100337,82.1641515833934,54.63272725989919,0
2025-04-19 15:16:39.100336,80.31770748752787,64.73426044084485,0
2025-04-19 15:17:39.100335,80.21757902888938,64.80318500238836,0
2025-04-19 15:18:39.100334,85.58575673387426,63.389414690946076,0
2025-04-19 15:19:39.100333,69.54386904339101,62.423078516239975,0
2025-04-19 15:20:39.100332,55.14469395339144,61.137415616910495,0
2025-04-19 15:21:39.100331,68.50480242802165,61.19392452726843,0
2025-04-19 15:22:39.100330,78.89429344135111,67.51205651276737,0
2025-04-19 15:23:39.100329,84.78753815292268,51.33255001748188,0
2025-04-19 15:24:39.100328,86.3996524743425,62.01877150444312,0
2025-04-19 15:25:39.100327,89.56819150033576,60.81516120851505,0
2025-04-19 15:26:39.100326,84.36087587479625,58.192189522665394,0
2025-04-19 15:27:39.100325,86.39441114698286,70.73591978602248,0
2025-04-19 15:28:39.100324,72.94577719720075,54.730566784441905,0
2025-04-19 15:29:39.100323,74.75675187807656,52.72639828706934,0
2025-04-19 15:30:39.100322,81.47533885433118,54.234580574944104,0
2025-04-19 15:31:39.100321,98.73487507225254,63.34622009636677,0
2025-04-19 15:32:39.100320,78.16765778062027,52.69461831679783,0
2025-04-19 15:33:39.100319,73.63900019960099,64.73422308234228,0
2025-04-19 15:34:39.100318,82.73570267403538,65.52828200006861,0
2025-04-19 15:35:39.100317,84.72606856528643,57.21061246262419,0
2025-04-19 15:36:39.100316,88.77597542769529,54.50471490133957,0
2025-04-19 15:37:39.100315,91.85892535552395,63.47537001358869,0
2025-04-19 15:38:39.100314,74.39306525563782,57.75817857107088,0
2025-04-19 15:39:39.100313,91.38171084250959,62.072921046155834,0
2025-04-19 15:40:39.100312,87.05740448211199,60.60406721376352,0
2025-04-19 15:41:39.100311,79.95012440933886,51.84530989786945,0
2025-04-19 15:42:39.100310,72.66758373253984,63.61187697827564,0
2025-04-19 15:43:39.100309,93.30002964407161,54.75976013981798,0
2025-04-19 15:44:39.100308,85.33574339768853,54.64298188224944,0
2025-04-19 15:45:39.100307,75.04256606347876,51.2624780152769,0
2025-04-19 15:46:39.100306,83.70058108018287,60.20375088187624,0
2025-04-19 15:47:39.100305,76.42996885291947,56.03532589878734,0
2025-04-19 15:48:39.100304,84.75802691334462,55.11149797308212,0
2025-04-19 15:49:39.100303,85.29875231559785,58.18792238305943,0
2025-04-19 15:50:39.100302,82.04862846409597,51.1162485846588,0
2025-04-19 15:51:39.100301,75.71512002480868,69.28530197561716,0
2025-04-19 15:52:39.100300,88.63131823321517,53.602420469181986,0
2025-04-19 15:53:39.100299,71.3745183023625,53.77750881698982,0
2025-04-19 15:54:39.100298,92.55304449604323,61.04897422783347,0
2025-04-19 15:55:39.100297,73.75200264280562,69.6619629143109,0
2025-04-19 15:56:39.100296,87.6183292455515,57.24829774617689,0
2025-04-19 15:57:39.100295,90.23051783197533,64.06073395013624,0
2025-04-19 15:58:39.100294,73.86877468761787,63.89903289878812,0
2025-04-19 15:59:39.100293,88.42172796708479,59.64217860569113,0
2025-04-19 16:00:39.100292,70.85651936557521,57.59240125849825,0
2025-04-19 16:01:39.100291,94.30402971180622,60.51903998878151,0
2025-04-19 16:02:39.100290,91.8420319261533,62.22141800865806,0
2025-04-19 16:03:39.100289,78.62042671162908,58.26888793698077,0
2025-04-19 16:04:39.100288,78.22783674996293,51.08176035698686,0
2025-04-19 16:05:39.100287,73.44361595440351,63.30558038685721,0
2025-04-19 16:06:39.100286,81.96689407129384,61.456174171900365,0
2025-04-19 16:07:39.100285,67.71663619684139,52.303526651083196,0
2025-04-19 16:08:39.100284,73.48856491407174,66.70364941066747,0
2025-04-19 16:09:39.100283,89.4048063428759,50.20174714189196,0
2025-04-19 16:10:39.100282,77.7606814262979,55.28687260731964,0
2025-04-19 16:11:39.100281,80.96744341772131,57.96183143850897,0
2025-04-19 16:12:39.100280,75.19353272265272,71.69072903275183,0
2025-04-19 16:13:39.100279,75.71851619485248,61.72086368043015,0
2025-04-19 16:14:39.100278,75.43688635142696,60.28907177914077,0
2025-04-19 16:15:39.100277,84.41331517651597,66.3736035865023,0
2025-04-19 16:16:39.100276,74.21589457988775,52.64864901066204,0
2025-04-19 16:17:39.100275,82.35670294545758,53.21463524280445,0
2025-04-19 16:18:39.100274,73.91561007390652,64.64299604581208,0
2025-04-19 16:19:39.100273,78.49196863275044,65.6627309145293,0
2025-04-19 16:20:39.100272,89.32651925274988,58.936272026545275,0
2025-04-19 16:21:39.100271,93.55444323488116,50.28669985619724,0
2025-04-19 16:22:39.100270,84.11493777246517,65.75353080369763,0
2025-04-19 16:23:39.100269,71.32548641320986,59.59609391072634,0
2025-04-19 16:24:39.100268,81.5381289138843,61.73845322240724,0
2025-04-19 16:25:39.100267,83.468429678128,59.134563895026034,0
2025-04-19 16:26:39.100266,71.59958843168032,62.20499183573202,0
2025-04-19 16:27:39.100265,85.90438421377885,60.09253272541707,0
2025-04-19 16:28:39.100264,74.69964592413137,62.37314919675,0
2025-04-19 16:29:39.100263,86.82465402353412,64.49700384025618,0
2025-04-19 16:30:39.100262,96.48622946350936,57.234820132395654,0
2025-04-19 16:31:39.100261,88.73851300561945,57.68481003773053,0
2025-04-19 16:32:39.100260,88.52960631726442,61.112074844682425,0
2025-04-19 16:33:39.100259,87.26156443143898,55.377834381751605,1
2025-04-19 16:34:39.100258,70.7527608933451,64.71486058960681,0
2025-04-19 16:35:39.100257,72.68880416556851,65.84213951413679,0
2025-04-19 16:36:39.100256,89.20016641798111,60.956652971723464,0
2025-04-19 16:37:39.100255,81.10910697503145,66.11651959780941,0
2025-04-19 16:38:39.100254,69.1811606928958,60.76798229360829,0
2025-04-19 16:39:39.100253,97.27570568876521,61.52804536695955,0
2025-04-19 16:40:39.100252,73.19857089152572,45.48826489732339,0
2025-04-19 16:41:39.100251,93.54578993287794,63.30672550545502,0
2025-04-19 16:42:39.100250,73.61675280152963,58.80025102112209,0
2025-04-19 16:43:39.100249,78.8948206652438,59.410711382748445,0
2025-04-19 16:44:39.100248,78.52702552906577,62.080898476950196,0
2025-04-19 16:45:39.100247,82.71574531795568,46.770654566282914,0
2025-04-19 16:46:39.100246,87.4301328867971,64.31341781937486,0
2025-04-19 16:47:39.100245,91.98618435402344,61.583911870187684,0
2025-04-19 16:48:39.100244,72.14723167199826,64.6674392335571,0
2025-04-19 16:49:39.100243,70.17106179587147,59.41394067284012,0
2025-04-19 16:50:39.100242,67.53117377622706,62.682995865303006,0
2025-04-19 16:51:39.100241,91.79185104312619,58.777474115968076,0
2025-04-19 16:52:39.100240,90.10862375204844,67.97119339476356,0
2025-04-19 16:53:39.100239,76.26430755201848,57.827259959828666,0
2025-04-19 16:54:39.100238,67.08566519260026,68.64374799020277,0
2025-04-19 16:55:39.100237,84.881610808191,58.376609376999255,0
2025-04-19 16:56:39.100236,85.65754322103973,59.891394587675016,0
2025-04-19 16:57:39.100235,73.54405513640225,62.04201413145923,0
2025-04-19 16:58:39.100234,75.38487530120783,53.75494387048136,0
2025-04-19 16:59:39.100233,79.06417811801167,59.00176687679375,0
2025-04-19 17:00:39.100232,71.00072802082175,64.28088542883515,0
2025-04-19 17:01:39.100231,82.87744441803045,50.84984742747622,0
2025-04-19 17:02:39.100230,68.9298405833326,59.74472777033485,0
2025-04-19 17:03:39.100229,76.15390978213964,53.52484282447801,0
2025-04-19 17:04:39.100228,72.98766042536795,66.36741000923261,0
2025-04-19 17:05:39.100227,64.93968722685717,60.89366802644943,0
2025-04-19 17:06:39.100226,82.80855731809946,59.878289661418094,1
2025-04-19 17:07:39.100225,74.10656644703296,56.74753835333246,0
2025-04-19 17:08:39.100223,80.8064863686534,55.27154529996411,0
2025-04-19 17:09:39.100222,65.49745298344364,67.22383594035497,0
2025-04-19 17:10:39.100221,80.13535181437426,62.244721904571904,0
2025-04-19 17:11:39.100220,90.77933940436446,57.48489203006069,0
2025-04-19 17:12:39.100219,87.26927987089122,58.584609851638,0
2025-04-19 17:13:39.100218,92.2827838673045,56.838503645046885,0
2025-04-19 17:14:39.100217,85.15618521335081,56.134929457537694,0
2025-04-19 17:15:39.100216,74.88803011783239,52.41059716458898,0
2025-04-19 17:16:39.100215,88.20635183808822,58.3305354975343,0
2025-04-19 17:17:39.100214,65.40645908901048,63.52275425154502,0
2025-04-19 17:18:39.100213,83.00121112104824,61.357896134133085,0
2025-04-19 17:19:39.100212,83.88936194157165,61.58776652404663,0
2025-04-19 17:20:39.100211,70.07806482316272,61.09823016732602,0
2025-04-19 17:21:39.100210,85.8701001318803,62.96478333125323,0
2025-04-19 17:22:39.100209,73.4626541653188,65.01465005889737,1
2025-04-19 17:23:39.100208,92.2547815271075,53.46837805114934,0
2025-04-19 17:24:39.100207,75.97979740870092,70.21828670974477,0
2025-04-19 17:25:39.100206,63.88717062522673,62.01168202571973,0
2025-04-19 17:26:39.100205,84.77664544219049,62.13074657807706,0
2025-04-19 17:27:39.100204,68.77290792182197,64.05184177457993,0
2025-04-19 17:28:39.100203,89.70952067559553,59.72959902035762,0
2025-04-19 17:29:39.100202,100.68197410462666,60.273534408801,0
2025-04-19 17:30:39.100201,95.72287504578664,59.679141894456826,0
2025-04-19 17:31:39.100200,79.65619468784702,65.3351316426673,1
2025-04-19 17:32:39.100199,72.97669396775503,64.38408176111771,0
2025-04-19 17:33:39.100198,83.38595878134348,56.37059568831167,0
2025-04-19 17:34:39.100197,86.99758422178799,65.81346599512419,1
2025-04-19 17:35:39.100196,78.12206442537651,55.17750695066032,0
2025-04-19 17:36:39.100195,84.71884529236223,66.43398846930218,0
2025-04-19 17:37:39.100194,83.55222855014718,61.3781656518975,0
2025-04-19 17:38:39.100193,91.71937137062032,65.41248839402206,1
2025-04-19 17:39:39.100192,87.20881169754858,69.96978262930986,0
2025-04-19 17:40:39.100191,89.46547763681944,57.82585581667431,0
2025-04-19 17:41:39.100190,73.75845634741968,61.55223171513249,0
2025-04-19 17:42:39.100189,85.3331712031533,59.82537571842234,0
2025-04-19 17:43:39.100188,76.90647353686812,63.862272663580576,1
2025-04-19 17:44:39.100187,82.04042389983584,55.9380089234126,0
2025-04-19 17:45:39.100186,76.22555489571937,56.85365839338178,0
2025-04-19 17:46:39.100185,84.34018569154256,55.53280206347197,0
2025-04-19 17:47:39.100184,69.42935928202266,56.66892563665772,0
2025-04-19 17:48:39.100183,79.51679045168476,52.848124856030836,0
2025-04-19 17:49:39.100182,87.29226098154605,60.543649572920806,0
2025-04-19 17:50:39.100181,84.90561723978541,66.66669883982,0
2025-04-19 17:51:39.100180,52.680766083731626,58.99976592971638,0
2025-04-19 17:52:39.100179,84.12776663285226,53.88890893099886,0
2025-04-19 17:53:39.100178,77.44198546668345,58.12389366256832,0
2025-04-19 17:54:39.100177,77.43694773346756,59.23896223882615,0
2025-04-19 17:55:39.100176,85.78364476016188,61.14563921960056,0
2025-04-19 17:56:39.100175,76.22013111992096,64.10398994181647,0
2025-04-19 17:57:39.100174,65.42448255231295,70.55888859140555,0
2025-04-19 17:58:39.100173,76.4083821574244,53.47964435330197,0
2025-04-19 17:59:39.100172,68.75346931972697,63.11408592463645,0
2025-04-19 18:00:39.100171,80.21811424771929,62.87959004460897,0
2025-04-19 18:01:39.100170,92.86246169662276,57.21046435523879,0
2025-04-19 18:02:39.100169,49.81802221260658,66.34387598111276,0
2025-04-19 18:03:39.100168,86.2241320188615,60.4760291427076,0
2025-04-19 18:04:39.100167,78.75441952385812,67.66160574926236,0
2025-04-19 18:05:39.100166,95.29070026133549,65.39807862005893,0
2025-04-19 18:06:39.100165,61.25798926440991,62.078539355182336,0
2025-04-19 18:07:39.100164,70.06350737585961,53.07606134248652,1
2025-04-19 18:08:39.100163,72.63295972913285,58.070855660583526,0
2025-04-19 18:09:39.100162,69.22262992161086,58.41453580780343,0
2025-04-19 18:10:39.100161,84.32304504310778,57.48491622011326,0
2025-04-19 18:11:39.100160,91.61322815021316,63.917636585940194,0
2025-04-19 18:12:39.100159,98.12050902267495,63.68530207561366,0
2025-04-19 18:13:39.100158,77.88654022266171,58.497255314672884,0
2025-04-19 18:14:39.100157,67.17063022241504,54.76392156012376,0
2025-04-19 18:15:39.100156,70.88018997659222,59.08468514877241,0
2025-04-19 18:16:39.100155,78.59910310477498,70.28128697856906,0
2025-04-19 18:17:39.100154,69.84438651085017,61.54994806943766,0
2025-04-19 18:18:39.100153,94.27100015932349,52.91546264709439,0
2025-04-19 18:19:39.100152,89.80598820135039,64.63541024406193,0
2025-04-19 18:20:39.100151,93.0260457965743,57.82780761091139,0
2025-04-19 18:21:39.100150,90.97547817922481,64.4081441508534,0
2025-04-19 18:22:39.100149,73.19408115305451,62.80810534697643,0
2025-04-19 18:23:39.100148,81.14646447367338,62.655950968501514,0
2025-04-19 18:24:39.100147,78.76520805338377,65.85452806027735,0
2025-04-19 18:25:39.100146,84.07091668725086,52.06252482471336,0
2025-04-19 18:26:39.100145,85.41720393217348,60.21427866309733,0
2025-04-19 18:27:39.100144,69.27120277555873,58.05296597848265,0
2025-04-19 18:28:39.100143,79.80234185728337,56.83030338003933,0
2025-04-19 18:29:39.100142,65.10935952635158,62.16378070189868,0
2025-04-19 18:30:39.100141,74.90821598205005,59.80547345631507,0
2025-04-19 18:31:39.100140,70.78741877950303,52.84739213675783,0
2025-04-19 18:32:39.100139,77.68561469494989,58.900876726971795,0
2025-04-19 18:33:39.100138,76.38291822951251,49.039391942691495,0
2025-04-19 18:34:39.100137,84.94121292755405,57.69532562042546,0
2025-04-19 18:35:39.100136,76.84288407102002,57.05608357480493,0
2025-04-19 18:36:39.100135,65.65366631131285,62.754949238164976,0
2025-04-19 18:37:39.100134,87.86888508150894,65.70952436324046,0
2025-04-19 18:38:39.100133,81.34270184060527,58.52387036221505,0
2025-04-19 18:39:39.100132,70.176336496029,54.30436703968648,0
2025-04-19 18:40:39.100131,73.90532430715372,55.63699515542993,0
2025-04-19 18:41:39.100129,71.0501567025208,57.84873349339166,0
2025-04-19 18:42:39.100128,80.53501166998285,57.63137696363526,0
2025-04-19 18:43:39.100127,66.4906969624419,66.76387001417005,0
2025-04-19 18:44:39.100125,82.36311267808526,54.95972858492043,0
2025-04-19 18:45:39.100124,71.1406266939317,52.72271191140849,0
2025-04-19 18:46:39.100123,73.07236869985482,66.53613129417595,0
2025-04-19 18:47:39.100122,78.85624834856078,59.45156300790377,0
2025-04-19 18:48:39.100121,74.79156942626096,59.57595110356505,0
2025-04-19 18:49:39.100120,71.60175717499843,59.30642703824599,0
2025-04-19 18:50:39.100119,81.83960316762841,66.34153616197436,0
2025-04-19 18:51:39.100118,82.65928268580903,62.979055433059756,0
2025-04-19 18:52:39.100117,76.84270424452681,64.1135274286138,0
2025-04-19 18:53:39.100116,91.44748416545976,60.19828576116203,0
2025-04-19 18:54:39.100115,83.74764032475677,51.646354163261,1
2025-04-19 18:55:39.100114,89.27814247568999,68.21127258348035,0
2025-04-19 18:56:39.100113,78.11212928394316,55.046900075355154,0
2025-04-19 18:57:39.100112,81.98583148656489,56.886436650594064,0
2025-04-19 18:58:39.100111,74.86482037067833,66.26920807272309,0
2025-04-19 18:59:39.100110,87.22739063016621,60.53289732182819,0
2025-04-19 19:00:39.100109,71.98873981373852,62.5304271383432,0
2025-04-19 19:01:39.100108,81.80464799700182,61.16647126606235,0
2025-04-19 19:02:39.100107,83.83362613715558,59.63319140586035,0
2025-04-19 19:03:39.100106,65.87554665340572,59.18880395215917,0
2025-04-19 19:04:39.100105,54.859285066305546,61.084148642322724,0
2025-04-19 19:05:39.100104,73.38231946908645,62.220171535882265,0
2025-04-19 19:06:39.100103,81.34623255728586,54.00610838248349,0
2025-04-19 19:07:39.100102,84.80007675692511,61.0702086866928,0
2025-04-19 19:08:39.100100,86.89500697553511,67.70456259752125,0
2025-04-19 19:09:39.100099,70.01410436702426,59.15926249392505,0
2025-04-19 19:10:39.100098,69.80195004259167,58.17198745584432,1
2025-04-19 19:11:39.100097,82.01669837091916,55.60575875024479,0
2025-04-19 19:12:39.100096,83.49092245126336,57.55713982724783,0
2025-04-19 19:13:39.100095,99.14146524502453,56.58682017358734,0
2025-04-19 19:14:39.100094,84.83902919194847,51.765793244960754,0
2025-04-19 19:15:39.100093,73.973614420552,55.08500211236985,0
2025-04-19 19:16:39.100092,101.31359828279805,47.73174294305704,0
2025-04-19 19:17:39.100091,85.73041811098875,59.385418969292935,0
2025-04-19 19:18:39.100090,94.64936035597343,69.81708895144259,0
2025-04-19 19:19:39.100089,80.40916791525608,54.13380652262861,0
2025-04-19 19:20:39.100088,88.3764061374216,64.9817359019971,0
2025-04-19 19:21:39.100087,66.40389169908737,54.473434532054824,0
2025-04-19 19:22:39.100086,66.96267022284991,52.19939846653641,0
2025-04-19 19:23:39.100085,73.07152317499288,69.50380733636007,0
2025-04-19 19:24:39.100084,81.20657975061408,60.619361381232906,0
2025-04-19 19:25:39.100083,75.42381979406548,69.88728744654823,0
2025-04-19 19:26:39.100082,74.82236308423136,62.40187306515146,0
2025-04-19 19:27:39.100081,59.15903150266387,62.188547719134185,0
2025-04-19 19:28:39.100079,93.49775137153067,57.473746815362674,0
2025-04-19 19:29:39.100078,76.37005438354609,67.16909313861788,0
2025-04-19 19:30:39.100077,99.6123410460688,60.95182061088984,0
2025-04-19 19:31:39.100076,53.25558619097343,58.73972654869846,0
2025-04-19 19:32:39.100075,72.9404321800387,52.19561068000126,0
2025-04-19 19:33:39.100074,84.70069664507044,57.46463682923352,0
2025-04-19 19:34:39.100074,87.01527635694738,64.20557901981525,0
2025-04-19 19:35:39.100073,74.2254449691941,57.34739567184369,0
2025-04-19 19:36:39.100072,74.61115530099862,64.69121630011394,0
2025-04-19 19:37:39.100071,75.11245752424455,59.600666392037034,0
2025-04-19 19:38:39.100070,71.22477255698496,56.720878484282316,0
2025-04-19 19:39:39.100069,101.1376493723433,63.92778855007369,0
2025-04-19 19:40:39.100068,67.18865276382579,55.84068420016523,0
2025-04-19 19:41:39.100067,51.546217511887896,60.28663714801331,0
2025-04-19 19:42:39.100066,86.23819658896214,62.67040414078918,0
2025-04-19 19:43:39.100065,68.71476799045047,58.07192125996987,0
2025-04-19 19:44:39.100064,72.7387140414683,60.673129252866026,1
2025-04-19 19:45:39.100063,87.03730052197491,55.77828403460997,0
2025-04-19 19:46:39.100062,73.21251670358737,58.150556984798406,0
2025-04-19 19:47:39.100061,83.07399000538747,60.614279094371284,0
2025-04-19 19:48:39.100060,89.96087969082731,61.729391323637095,0
2025-04-19 19:49:39.100059,70.0033808971789,52.26844205248543,0
2025-04-19 19:50:39.100058,72.37062361103051,49.03780926835615,0
2025-04-19 19:51:39.100057,81.8870868137885,55.96997601858244,0
2025-04-19 19:52:39.100056,96.51589519729708,51.488253130696734,0
2025-04-19 19:53:39.100055,89.40152124110465,71.34416926347959,0
2025-04-19 19:54:39.100054,81.58438043917782,56.59508909965354,0
2025-04-19 19:55:39.100053,95.41434249970705,52.24844010780193,0
2025-04-19 19:56:39.100052,71.11947878455229,52.72863566218843,0
2025-04-19 19:57:39.100051,72.87786134686698,55.88027963602819,0
2025-04-19 19:58:39.100050,91.54365689045984,56.709113736276095,0
2025-04-19 19:59:39.100049,75.54848299631884,56.66770216763671,0
2025-04-19 20:00:39.100048,85.71422699701012,58.88590257514552,0
2025-04-19 20:01:39.100047,75.40122086244702,62.3046524934523,0
2025-04-19 20:02:39.100046,89.23503361195446,57.71324433886055,0
2025-04-19 20:03:39.100045,68.26963372622436,59.24460478260234,0
2025-04-19 20:04:39.100044,71.69608217717284,60.14792208257398,0
2025-04-19 20:05:39.100043,64.53296785516972,64.51005580530253,0
2025-04-19 20:06:39.100042,67.31597803178636,55.46597817577581,0
2025-04-19 20:07:39.100041,85.91020604488335,63.410852247818546,0
2025-04-19 20:08:39.100040,69.1323773183664,69.83563776482126,1
2025-04-19 20:09:39.100039,98.96386966094012,62.82740977398172,0
2025-04-19 20:10:39.100037,85.23634916434955,63.268237853353256,0
2025-04-19 20:11:39.100036,96.55324743683937,65.29562470486104,0
2025-04-19 20:12:39.100035,67.05849006309036,59.403497864453016,0
2025-04-19 20:13:39.100034,58.186604492152355,67.40227858999535,0
2025-04-19 20:14:39.100033,76.70787296974822,54.72382399244997,0
2025-04-19 20:15:39.100032,90.61368446611459,59.45565537553277,0
2025-04-19 20:16:39.100031,76.07500913181306,76.05336863994967,0
2025-04-19 20:17:39.100030,85.42088813354876,55.15822286800271,0
2025-04-19 20:18:39.100029,73.66033814909115,62.33849820716993,1
2025-04-19 20:19:39.100028,78.28137615423297,59.067076108198926,0
2025-04-19 20:20:39.100027,93.14617296512768,69.79862300508923,0
2025-04-19 20:21:39.100026,79.96004515236274,60.815118435194016,0
2025-04-19 20:22:39.100025,81.9819593877989,55.09463062419132,0
2025-04-19 20:23:39.100024,83.67244777924252,57.629388012443876,0
2025-04-19 20:24:39.100023,79.79839294112601,58.79652442586468,0
2025-04-19 20:25:39.100022,85.38776532756286,63.40187619282459,0
2025-04-19 20:26:39.100021,89.27992829353121,48.79889094743493,0
2025-04-19 20:27:39.100020,64.28770276385981,61.528899490381235,0
2025-04-19 20:28:39.100019,71.90842212703934,52.306723690701936,0
2025-04-19 20:29:39.100018,83.21309182581359,66.54663938689174,0
2025-04-19 20:30:39.100017,106.32505293408303,62.965632741151275,0
2025-04-19 20:31:39.100016,80.21859561640173,59.97847529310559,0
2025-04-19 20:32:39.100015,79.69992355013669,59.818772090865295,0
2025-04-19 20:33:39.100014,91.03945452484774,47.37827888525632,0
2025-04-19 20:34:39.100013,80.67515540598373,56.34346512099168,0
2025-04-19 20:35:39.100012,58.74969213267535,59.431875389861176,0
2025-04-19 20:36:39.100011,95.19010439895405,51.01850854672618,0
2025-04-19 20:37:39.100010,88.56334056320733,71.19853962599474,0
2025-04-19 20:38:39.100009,90.05530500195356,65.23370098346055,0
2025-04-19 20:39:39.100008,74.77454848675734,55.19700928463206,0
2025-04-19 20:40:39.100007,78.7907176128594,58.366673804528695,0
2025-04-19 20:41:39.100006,94.24098941411172,62.05899571548293,0
2025-04-19 20:42:39.100005,65.93745863421697,59.284513015937314,1
2025-04-19 20:43:39.100004,79.05807860350052,57.63988838266776,0
2025-04-19 20:44:39.100003,96.14108431596814,61.04122722347481,0
2025-04-19 20:45:39.100002,68.72766457916997,55.981971864394914,0
2025-04-19 20:46:39.100001,84.42696439454517,63.2806543455228,0
2025-04-19 20:47:39.100000,98.15627341708533,53.00365499343245,0
2025-04-19 20:48:39.099999,62.817972474748146,60.79812736226444,0
2025-04-19 20:49:39.099998,64.74336131125581,59.35484153933413,0
2025-04-19 20:50:39.099997,74.92870401799449,58.532930005276285,0
2025-04-19 20:51:39.099996,70.97800892550535,53.97124477630487,0
2025-04-19 20:52:39.099995,84.52322695641536,58.13544755579063,0
2025-04-19 20:53:39.099994,89.13677960730753,66.70139416769078,0
2025-04-19 20:54:39.099993,75.58416472305925,55.96170895814211,0
2025-04-19 20:55:39.099992,65.44155127660142,59.97868337142152,0
2025-04-19 20:56:39.099991,68.79559699957002,59.18569086533997,0
2025-04-19 20:57:39.099990,85.77194783604432,58.10132740733276,0
2025-04-19 20:58:39.099989,99.09141232673952,62.84372881366504,0
2025-04-19 20:59:39.099988,79.38815901643883,58.47821045397965,0
2025-04-19 21:00:39.099987,94.84789565581634,62.3872274826733,0
2025-04-19 21:01:39.099986,67.29549777076635,56.15823182943115,0
2025-04-19 21:02:39.099985,75.45416341789144,50.93433298065565,0
2025-04-19 21:03:39.099984,80.89818415349458,64.4316786253392,0
2025-04-19 21:04:39.099983,88.58300678905134,62.186240637721355,0
2025-04-19 21:05:39.099982,86.92005716641664,64.06330332236449,0
2025-04-19 21:06:39.099981,75.00526579338086,57.31663965780789,0
2025-04-19 21:07:39.099980,78.41238850429228,54.819591218567304,1
2025-04-19 21:08:39.099979,76.97999430467706,54.66053167555953,0
2025-04-19 21:09:39.099978,87.40566888958898,52.32031841142627,0
2025-04-19 21:10:39.099977,69.48223594241938,60.28895339872827,0
2025-04-19 21:11:39.099975,76.24146140822954,55.394911007427645,0
2025-04-19 21:12:39.099974,98.39261218686094,60.13449530296285,0
2025-04-19 21:13:39.099973,69.30574777839345,58.92730142521794,0
2025-04-19 21:14:39.099972,93.95417587407128,60.94063647278195,0
2025-04-19 21:15:39.099970,77.72907070601377,64.10790708953094,0
2025-04-19 21:16:39.099960,86.4845343207644,57.51453834537966,0
